1562.859985,12.91,3304440000,1550.829,0.505755
1569.180054,13.46,2753110000,1553.0275,0.336238
1562.170044,13.11,3312160000,1555.28,0.844152
1570.25,12.65,4060610000,1555.975,-0.088555
1553.689941,14.1,3350670000,1556.901,-0.316532
1559.97998,15.64,3515410000,1557.352,-1.026013
1553.26001,14.04,2887120000,1557.9465,-0.789213
1563.109985,13.11,3252780000,1558.566,-0.152755
1568.609985,12.66,3453350000,1560.3285,1.872878
1587.72998,12.55,3393950000,1562.271,3.888483
1593.300049,12.61,3206290000,1563.552,5.062778
1588.839966,13.12,4660130000,1563.135,3.014231
1552.359985,14.72,3654700000,1564.2585,3.146632
1574.569946,15.35,4250310000,1564.442,1.414847
1552.030029,16.34,3890800000,1563.587,-0.787717
1541.609985,16.67,3569870000,1564.0595,-1.416305
1555.25,15.08,2979880000,1564.34,-1.3143
1562.5,13.81,3565150000,1565.6945,0.079285
1578.780029,13.57,3598240000,1566.4455,1.171019
1578.930054,13.61,3908580000,1567.561,2.52117
1585.160034,13.94,3198620000,1568.2135,3.317315
1582.339966,13.72,2891200000,1569.7855,4.810279
1593.579956,13.71,3745070000,1571.1515,6.24106
1597.550049,13.88,3530320000,1572.602,6.104708
1582.77002,14.48,3366950000,1574.4825,7.116117
1597.599976,12.92,3603910000,1577.5395,9.17
1614.400024,13.06,3062240000,1580.261,10.920364
1617.550049,12.63,3309580000,1583.1285,12.842155
1625.949951,12.87,3554700000,1585.3765,14.738348
1632.689941,12.91,3457400000,1587.0415,15.575784
1626.689941,13.08,3086470000,1589.284,16.61519
1632.099976,12.57,2910600000,1593.3545,17.245777
1633.75,12.61,3457790000,1597.143,18.865117
1649.130005,12.98,3657440000,1602.4815,20.592119
1658.069946,13.07,3513130000,1607.9245,21.04761
1652.449951,12.73,3440710000,1613.5355,22.520743
1665.709961,13.28,3275080000,1618.725,23.324129
1666.199951,13.08,3513560000,1623.244,23.916706
1669.390015,13.45,4361020000,1627.072,23.006769
1651.619995,14.94,3945510000,1630.3395,21.645572
1646.670044,14.59,2758080000,1633.7075,20.259842
1652.630005,13.67,3457400000,1637.03,19.777691
1656.569946,15.3,3587140000,1639.5695,18.241217
1649.140015,14.9,3498620000,1643.155,17.312171
1652.130005,15.02,4099600000,1644.8125,14.498791
1631.709961,16.4,3952070000,1646.1125,12.901541
1640.72998,16.16,3653840000,1646.8065,10.781968
1629.050049,16.86,3632350000,1645.9535,7.205187
1609.290039,17.7,3547380000,1645.447,5.410442
1625.27002,15.9,3371990000,1646.2825,5.6035
1644.670044,15.16,2978730000,1646.738,5.645428
1638.640015,16.91,3435710000,1646.356,4.283344
1629.939941,16.51,3202550000,1644.465,2.081674
1612.150024,18.38,3378620000,1643.344,2.234762
1635.52002,16.63,2939400000,1642.157,1.56103
1630.640015,16.53,3137080000,1640.7355,1.997382
1639.77002,16.81,3120980000,1640.0115,3.335181
1651.829956,16.89,3545060000,1638,2.520121
1624.619995,18.4,4858850000,1634.642,-1.397093
1588.619995,18.97,5797280000,1631.738,-4.11198
1588.77002,20.87,4733660000,1627.9125,-7.73496
1577.52002,18.65,3761170000,1624.311,-9.293535
1592.27002,17.23,3558340000,1622.056,-9.193803
1606.439941,16.6,3364540000,1619.9955,-8.217957
1611.119995,17.25,4977190000,1618.7725,-7.911777
1609.780029,16.9,3104690000,1617.4995,-6.889308
1614.290039,16.49,3317130000,1616.6345,-6.079917
1611.47998,17.22,1966050000,1616.96,-5.270395
1618.650024,15.59,2634140000,1617.4265,-3.261449
1634.199951,14.66,3514590000,1617.2805,-0.966674
1642.890015,14.33,3155360000,1617.756,1.78834
1651.560059,14.46,3011010000,1619.0805,3.950378
1657.410034,13.57,3446340000,1622.2055,7.386158
1675.26001,13.9,3039070000,1624.397,10.406258
1679.589966,13.98,2623200000,1627.1855,12.838117
1682.699951,13.78,3081710000,1629.0465,14.099338
1677.910034,14.2,3153440000,1630.5015,15.297738
1681.050049,13.63,3452370000,1633.5235,16.737195
1686.150024,13.89,3302580000,1638.7185,17.891217
1694.410034,13.23,2779130000,1643.8735,18.865892
1696.630005,12.15,3096180000,1649.8385,19.164047
1696.060059,12.69,3336120000,1654.734,18.66472
1685.209961,13.47,3322500000,1659.0835,18.404624
1687.310059,13.41,2762770000,1663.006,18.102786
1690.319946,13.54,2840520000,1666.9585,17.155845
1687.920044,13.45,3320530000,1670.5085,16.268688
1687.76001,13.55,3847390000,1674.091,15.369875
1689.420044,12.89,3775170000,1678.664,16.176904
1706.099976,12.66,3136630000,1682.553,16.848202
1708.01001,12.29,2529300000,1685.887,16.980321
1705.790039,12.19,3141210000,1688.1395,16.110952
1695.300049,13.17,3010230000,1690.054,14.730895
1693.349976,12.5,3271660000,1691.177,14.005882
1696.099976,12.88,2957670000,1691.7385,12.794823
1688.369995,13.52,2789160000,1692.087,11.544621
1690.650024,12.86,3035560000,1692.982,10.807687
1693.880005,12.48,2871430000,1693.206,9.407551
1679.609985,14.14,3426690000,1691.8035,6.283256
1661.219971,14.56,3211450000,1689.9905,3.325894
1655.25,14.94,2904530000,1687.517,0.191597
1646.810059,15.22,2994090000,1685.515,-1.764466
1650.660034,16,2932180000,1683.358,-4.038709
1645.030029,15.26,2537460000,1681.6935,-4.644926
1659.920044,14.29,2582670000,1680.286,-4.545239
1664.290039,14.37,2430670000,1678.8585,-4.951407
1652.540039,16.56,3219190000,1676.0845,-7.31121
1630.25,16.96,2784010000,1673.546,-8.71936
1633.5,16.79,2527550000,1670.111,-9.467178
1638.890015,16.75,2734300000,1666.276,-10.360002
1635.949951,16.47,3731610000,1662.9075,-10.398995
1640.719971,16.88,3312150000,1660.693,-9.249271
1653.280029,16.12,2957110000,1658.9015,-8.083542
1657.439941,15.35,3123880000,1656.786,-7.070921
1656.849976,15.86,3102780000,1655.8005,-4.877547
1675.109985,14.89,3691800000,1655.5265,-2.123906
1681.040039,14.74,3135460000,1655.275,0.467737
1689.209961,13.93,3106290000,1655.1765,2.037399
1685.040039,14.27,2736500000,1656.51,3.60853
1691.699951,14.1,3079800000,1658.5985,5.564961
1697.72998,14.44,2774240000,1661.5335,7.605527
1705.73999,14.68,3989760000,1665.192,10.773656
1727.339966,13.02,3740130000,1669.169,12.879357
1722.439941,13.3,5074030000,1671.8165,13.390782
1711.439941,14.04,3126950000,1673.7335,12.995109
1702.599976,14.17,3268930000,1675.7655,12.184424
1698.02002,14.24,3148730000,1678.88,11.039478
1694.050049,13.8,2813930000,1682.0655,10.48729
1695.52002,14.62,2951700000,1684.7445,9.383128
1687.26001,17.49,3308630000,1687.1735,7.597438
1682.410034,16.31,3238690000,1689.935,7.184747
1691.900024,16.4,3148600000,1691.9745,6.689394
1692.349976,16.63,3279650000,1693.1535,5.011731
1678.790039,17.72,2880270000,1694.92,4.58471
1687.150024,18.76,2678490000,1695.1405,3.05078
1676.219971,19.01,3569230000,1693.7135,0.165327
1656.98999,20.19,3577840000,1692.077,-2.021456
1660.880005,17.66,3362300000,1692.534,-0.827152
1691.089966,16.31,2944670000,1693.2945,0.966757
1699.859985,17.08,2580580000,1693.9215,2.914842
1709.170044,16.41,3327740000,1693.5865,3.444255
1700.48999,17.14,3486180000,1693.3875,5.692836
1720.170044,14.52,3453590000,1693.928,8.315822
1736.719971,12.86,3664890000,1695.6575,11.181514
1745.199951,13.34,3052710000,1697.7985,13.312054
1746.47998,12.99,3850840000,1700.661,15.628094
1752.27002,13.71,3713380000,1703.3415,16.603247
1747.47998,13.5,3671700000,1706.0115,17.631948
1756.01001,13.16,3175720000,1709.4125,18.851221
1759.420044,13.62,3282300000,1713.4405,19.77833
1762.930054,13.25,3358460000,1717.288,21.064261
1772.27002,13.72,3523040000,1720.76,21.142477
1763.23999,13.83,3826530000,1724.654,20.422761
1758.699951,13.46,3686290000,1728.211,20.03298
1763.400024,13.35,3194870000,1732.8015,20.001067
1765.670044,13.22,3516680000,1738.1775,19.352462
1765,13.01,3322100000,1743.882,19.22364
1770.73999,12.99,4143200000,1746.6115,17.041759
1748.369995,13.76,3837170000,1749.982,17.009552
1769.959961,12.85,2534060000,1753.0695,16.892586
1769.51001,12.8,3221030000,1756.551,16.273396
1764.369995,13.35,3327480000,1759.574,16.744361
1782.75,12.8,3139060000,1762.4475,17.610168
1790.660034,12.12,3254820000,1765.1315,18.690898
1798.819946,12.41,3168520000,1767.475,18.794137
1790.790039,13.03,3224450000,1769.135,18.368879
1789.589966,13.56,3109140000,1770.8845,17.307849
1783.52002,13.09,3256630000,1773.0735,17.434417
1797.209961,12.69,3055140000,1775.323,18.045666
1806.329956,12.55,2998540000,1777.3415,18.137036
1802.869995,12.84,3427120000,1778.8815,18.023471
1803.47998,12.81,2613590000,1781.0775,18.086479
1808.689941,13.06,1598300000,1783.541,17.816454
1806.550049,13.91,3095430000,1785.504,17.010178
1800.099976,14.74,3475680000,1786.865,15.725943
1793.150024,15.03,3610540000,1788.357,14.353897
1792.819946,14.82,3336880000,1789.084,12.494727
1788.359985,13.97,3150030000,1791.981,12.495951
1806.209961,13.97,3129500000,1793.869,12.616158
1807.599976,14.14,3117150000,1795.4055,12.107874
1802.76001,13.98,3472240000,1796.132,9.944314
1781.709961,15.44,3306640000,1795.807,7.599823
1777.97998,15.17,3061070000,1795.042,5.662005
1777.47998,15.64,3209890000,1794.46,4.97429
1786.469971,16.04,3270030000,1793.9335,3.936857
1781.459961,15.95,4327770000,1795.0725,5.444431
1809,13.59,3497210000,1796.484,6.479774
1810.390015,13.61,5097700000,1797.6075,7.912708
1822.920044,13.37,2851540000,1798.769,9.716601
1828.02002,12.85,1307630000,1800.311,11.444361
1834.959961,12.48,1982270000,1802.2745,13.361617
1842.969971,12.21,2052920000,1803.983,14.662013
1841.469971,12.87,2293860000,1805.746,15.487428
1842.609985,13.43,2312840000,1808.119,16.539164
1845.859985,14.32,3080600000,1809.9605,15.868027
1833.209961,14.06,2774270000,1811.8885,15.112714
1832.310059,13.41,3294850000,1813.9755,13.981768
1828.709961,12.38,3511750000,1815.615,13.822631
1837.900024,13.04,3652140000,1817.071,13.509317
1839,12.83,3581150000,1818.8465,13.160945
1840.060059,12.6,3335710000,1821.854,13.076255
1841.26001,12.18,3591350000,1824.039,11.012567
1821.359985,12.89,3353270000,1827.217,10.840132
1840.52002,12.15,3777800000,1830.309,11.339334
1847.98999,12.32,3491310000,1833.5535,11.402591
1844.22998,12.34,3626120000,1834.956,10.748646
1841.050049,12.63,3782470000,1836.666,10.520641
1844.709961,12.57,3374170000,1837.993,10.306671
1842.290039,13.67,3972250000,1838.0165,8.713313
1826.959961,14.95,4618450000,1835.865,4.320758
1791.030029,17.29,4045200000,1832.842,0.133648
1783,17.27,3437830000,1830.397,-2.275667
1790.150024,17.95,3964020000,1827.0535,-5.597203
1777.170044,16.37,3547510000,1824.345,-6.541117
1790.880005,18.71,4059690000,1821.8755,-8.131463
1782.680054,18.57,4726040000,1817.4015,-12.531519
1743.819946,19.99,4068410000,1813.823,-14.77428
1753.380005,19.59,3984290000,1809.511,-16.64705
1752.98999,19.09,3825410000,1806.308,-16.186376
1776.01001,16.15,3775990000,1804.2525,-13.759166
1796.199951,15.63,3312160000,1802.126,-11.475749
1800.449951,15.29,3699380000,1802.1535,-7.967707
1820.119995,14.31,3326380000,1801.1725,-5.167529
1814.819946,15.24,3289510000,1800.245,-2.071577
1828.459961,14.21,3114750000,1799.882,1.079628
1839.030029,13.95,3421110000,1799.985,3.706132
1838.900024,14.85,3661570000,1799.2325,4.763636
1829.23999,15.28,3404980000,1798.9785,6.417765
1841.069946,14.74,3403880000,1799.368,7.359002
1836.780029,14.83,4014530000,1802.234,8.918786
1847.660034,14.17,3515560000,1805.412,9.840569
1845.790039,13.83,3716730000,1808.045,10.45381
1844.900024,14.56,3547460000,1812.0495,11.543458
1855.119995,14.22,3917450000,1815.3125,12.677244
1857.680054,16.47,3428220000,1818.4695,12.326596
1849.22998,14.53,3765770000,1825.0705,14.159375
1874.050049,14.13,3392990000,1831.001,15.425975
1874.180054,13.82,3360450000,1837.2705,16.499397
1878.52002,13.51,3564740000,1842.501,17.232939
1877.859985,14.76,3021350000,1846.5085,17.541864
1878.26001,14.22,3392400000,1849.898,16.822966
1866.150024,15.37,3270860000,1852.3205,16.113482
1869.060059,14.28,3670990000,1853.6745,13.630171
1845.069946,16.74,3285460000,1854.2395,11.113615
1842.810059,16.39,2860490000,1855.2495,10.42727
1858.920044,15.42,2930190000,1856.824,10.841247
1872.25,14.56,3289210000,1858.425,10.126257
1860.089966,15.58,3327540000,1860.0365,10.347319
1874.530029,13.96,5270710000,1861.55,9.964649
1867.670044,14.7,3409000000,1862.0415,8.826949
1859.47998,14.16,3200560000,1863.0665,8.487532
1867.089966,13.64,3480850000,1863.4365,7.083059
1852.109985,15,3733430000,1863.174,5.621173
1850.069946,14.15,2955520000,1863.0825,5.096206
1859.160034,13.88,3274300000,1864.413,5.801075
1873.959961,13.43,3336190000,1864.9935,7.33861
1886.609985,13.17,3131660000,1865.848,8.888775
1891.430054,13.02,3055600000,1866.435,9.83208
1890.25,12.88,3583750000,1865.7875,8.570087
1863.920044,14.96,3801540000,1864.181,5.884252
1845.47998,15.59,3721450000,1863.3975,4.26493
1852.640015,14.58,3308650000,1863.5965,4.560619
1872.280029,13.98,3758780000,1862.9335,1.621223
1830.650024,16.66,3743460000,1861.6615,-2.087434
1818.180054,16.14,3111540000,1860.2505,-3.779089
1831.449951,16.14,3736440000,1858.787,-4.074613
1846.01001,14.89,3155080000,1858.864,-2.717721
1861.72998,14.09,3341430000,1858.506,-1.421036
1865.790039,14.1,2642500000,1858.7745,0.172675
1872.569946,13.13,3215440000,1859.88,2.030395
1879.319946,13.35,3085720000,1860.3685,3.130884
1881.969971,13.36,3191830000,1861.671,4.214276
1877.719971,13.93,3213020000,1862.389,3.801729
1865,14.27,4034680000,1862.9795,3.916209
1870.780029,13.88,3647820000,1863.279,4.671244
1877.099976,14.05,3779230000,1863.2005,5.657881
1884.390015,13.64,3416740000,1862.8395,6.344872
1885.300049,13.15,3159560000,1862.458,6.608185
1879.449951,13.95,2733730000,1863.4365,7.019975
1883.689941,13.65,3327260000,1864.5705,5.911264
1868.530029,13.64,3632950000,1865.883,5.81206
1877.390015,13.69,3393420000,1866.0555,5.462289
1875.27002,13.55,3025020000,1868.3255,5.353355
1880.030029,12.46,3005740000,1872.3735,6.656459
1896.75,12.36,2915680000,1875.7155,7.665371
1897.130005,12.42,2822060000,1877.993,7.656907
1888.160034,12.73,3552640000,1878.42,6.152647
1871.189941,13.31,3173650000,1879.0705,5.463182
1876.660034,13.17,2664250000,1879.73,5.436699
1884.880005,12.69,3007700000,1879.394,4.376786
1873.339966,12.38,2777140000,1880.026,4.709027
1888.189941,11.93,2759800000,1880.72,5.27145
1893.319946,11.96,2396280000,1882.5765,6.293388
1902.01001,11.69,2911020000,1884.7005,7.930138
1911.77002,11.6,2976450000,1886.273,8.952207
1910.599976,11.58,2709050000,1888.077,10.468616
1920.329956,11.66,3263490000,1890.0715,11.81978
1923.869995,11.69,2509020000,1892.263,12.855366
1923.069946,12.03,2867180000,1894.242,13.461989
1923.060059,12.15,2793920000,1897.25,14.074221
1928.52002,12.09,3113270000,1900.3625,15.397033
1942.410034,11.32,2864300000,1904.053,16.974312
1948.969971,11.23,2812180000,1907.6925,18.162616
1950.339966,11.3,2702360000,1910.3995,18.848351
1949.369995,11.42,2710620000,1912.7215,18.620384
1943.349976,11.81,3040480000,1914.8005,17.130321
1930.800049,12.45,2598230000,1918.066,16.250296
1934.839966,12.65,2926130000,1921.062,15.50486
1937.150024,12.81,2971260000,1923.9075,15.079976
1942.72998,11.8,3065220000,1928.115,15.771021
1957.5,10.53,2952150000,1931.6875,16.332142
1960.449951,10.4,4336240000,1935.2065,16.856073
1962.920044,11.26,2717630000,1938.3105,17.053727
1961.969971,11.02,3089700000,1940.214,16.006718
1949.27002,12.31,3106710000,1942.7015,15.765823
1959.890015,11.51,2778840000,1944.561,15.213147
1956.560059,11.72,4290590000,1946.4305,14.905116
1960.790039,11.75,3037350000,1948.1935,14.435689
1962.290039,11.28,3188240000,1950.6475,14.947612
1973.060059,11.18,2851480000,1952.9845,15.282052
1975.880005,10.47,1998090000,1955.2335,16.233057
1984.219971,11.15,2681260000,1956.644,16.171729
1976.390015,11.72,3302430000,1957.266,14.827365
1965.099976,11.74,2858800000,1958.368,14.332636
1966.670044,13.22,3165690000,1959.4075,13.131551
1965.76001,12.5,2684630000,1961.2805,12.271424
1969.859985,11.6,2744920000,1963.3275,12.217918
1977.359985,11.53,3328740000,1965.1025,11.732032
1976.349976,10.81,3390950000,1967.0815,11.878965
1979.75,11.35,3381680000,1967.1385,9.988055
1961.540039,13.34,3106060000,1968.0755,9.996167
1976.930054,12.85,2611160000,1968.6135,9.522453
1975.650024,11.97,2890480000,1969.6595,9.832535
1985.319946,11.54,2869720000,1971.511,10.241032
1988.069946,11.43,3203530000,1972.9335,10.521751
1984.599976,12.03,2638960000,1973.9895,9.852779
1978.25,12.93,2803320000,1974.887,9.261844
1980.030029,12.35,3183300000,1975.373,7.978554
1973.209961,12.63,3448250000,1975.2105,6.891777
1965.140015,14.35,4193000000,1973.013,2.818754
1929.800049,16.67,3789660000,1969.9985,-0.844825
1926.619995,16.64,3072920000,1968.0655,-2.601477
1936.339966,15.54,3462520000,1965.8905,-5.446245
1917.290039,17.22,3539150000,1963.261,-7.610593
1923.030029,15.5,3230520000,1960.5055,-10.070744
1910.349976,16.43,2902280000,1958.7065,-10.126866
1933.430054,15.16,2784890000,1956.6975,-9.630245
1935.72998,14.42,2611700000,1954.721,-9.384286
1935.599976,13.57,2718020000,1952.9785,-8.049996
1947.410034,13.05,2609460000,1952.8315,-6.238002
1958.869995,11.91,3023380000,1951.6735,-4.756833
1958.359985,12.85,2638160000,1951.579,-2.211565
1972.72998,12.14,2656430000,1951.4825,0.594346
1980.459961,12.23,2579560000,1951.4575,3.177617
1986.819946,11.93,2638920000,1951.677,5.632799
1992.599976,11.88,2301860000,1952.18,7.175489
1991.73999,11.58,2233880000,1953.1305,9.061807
1998.589966,11.33,2451950000,1954.634,10.603944
2000.540039,11.69,2344350000,1956.1365,11.699306
1997.420044,12.38,2282400000,1959.44,12.154541
1998.449951,11.86,2259130000,1963.351,12.901582
2004.069946,12.32,2819980000,1966.5155,13.252892
2003.569946,12.03,2809980000,1970.541,13.25266
2001.670044,12.4,3072410000,1974.4115,12.856551
1998,12.37,2818300000,1979.3185,13.202203
2007.170044,12.64,2789090000,1982.816,12.830367
2000.72998,12.7,2882830000,1985.392,11.347813
1988.410034,13.36,2912430000,1988.489,10.635295
1992.849976,13.53,2941690000,1991.0255,10.096254
1996.73999,12.85,3206570000,1992.5435,8.608786
1986.040039,13.54,2776530000,1993.997,7.232806
1981.930054,14.48,3160310000,1995.359,7.256949
1999.300049,13.06,3209420000,1996.3575,7.399774
2003.069946,12.55,3235340000,1997.6,8.208315
2012.73999,11.73,4880220000,1998.5015,8.671664
2009.079956,13.14,3349670000,1998.796,7.650736
1992.780029,14.82,3279350000,1998.0385,5.844702
1983.339966,14.62,3313850000,1997.9525,5.601971
1997.319946,14.11,3273050000,1996.246,2.770522
1966.219971,15.77,2929440000,1995.5515,1.865535
1978.959961,16.96,3094440000,1994.273,0.73239
1978.209961,15.49,3951100000,1992.7735,-0.603292
1971.439941,16.44,4188590000,1990.0455,-3.727335
1945.829956,16.7,4012510000,1987.4715,-6.131673
1948.119995,15.16,3560970000,1985.481,-6.21209
1970.01001,14.46,3358220000,1983.645,-6.45
1962.359985,16.18,3687870000,1980.978,-8.933718
1935.550049,17.35,4441890000,1979.638,-8.082344
1967.680054,15.64,4344020000,1976.176,-10.568334
1925.630005,19.11,4550540000,1972.2055,-14.156979
1905.650024,21.16,4352580000,1966.736,-19.311307
1877.109985,23.77,4812010000,1960.672,-22.893401
1874.180054,26.36,6090800000,1953.718,-26.652325
1855.949951,29.26,5073150000,1946.288,-29.272082
1864.910034,21.68,4482120000,1940.106,-29.076484
1885.619995,22.11,3331210000,1935.592,-27.215812
1909.380005,17.72,3987090000,1933.5175,-22.474765
1941.290039,16.06,3761930000,1929.958,-19.634516
1931.02002,16.07,3789250000,1929.1995,-15.294099
1951.589966,16.43,3078380000,1928.286,-10.621532
1962.969971,17.24,3538860000,1927.4775,-7.074973
1964.140015,15.69,3653260000,1928.1155,-2.347442
1983.290039,14.61,3740350000,1929.9225,1.163843
1979.48999,15.31,3586150000,1932.3465,4.886772
2001.199951,13.84,4292290000,1934.854,9.614573
2018.209961,14.41,3555440000,1937.5035,13.189978
2015.810059,15.05,3956260000,1941.3535,15.385409
2015.290039,14.15,3766590000,1944.0875,17.84513
2023.329956,14.46,3669770000,1949.2375,20.178357
2032.359985,13.71,3704280000,1955.527,21.833069
2032.01001,13.16,3284940000,1963.703,23.386441
2038.199951,12.71,2958320000,1971.802,24.450235
2037.75,13.76,3246650000,1980.59,24.890982
2039.209961,13.33,3455270000,1989.4185,25.038793
2039.73999,13.79,3227130000,1997.0715,24.908345
2038.290039,14.7,3152890000,2003.937,24.641944
2041.47998,13.86,3416190000,2009.463,24.988418
2051.159912,14.01,3390850000,2015.5435,24.729405
2045.869995,14.66,3128290000,2020.64,24.566139
2057.459961,13.16,3916420000,2025.586,25.015819
2065.070068,12.92,3128060000,2030.975,25.554504
2070.149902,12.55,3392940000,2035.074,25.495474
2067.360107,12.27,2745260000,2039.6005,25.621357
2074.780029,12.64,2504640000,2043.246,25.007602
2065.780029,14.16,4159010000,2045.0155,23.115372
2053.77002,14.1,3686650000,2047.4525,22.415245
2067.449951,12.75,3612680000,2050.564,22.231894
2073.639893,12.7,3408340000,2052.9815,21.642638
2072.780029,12.08,3419620000,2055.1895,21.209544
2074.840088,13.05,3800990000,2056.609,19.427153
2056.550049,16.23,3970150000,2057.687,17.770213
2058.860107,15.56,4114440000,2057.01,13.582807
2027.920044,17.68,3917950000,2056.864,10.880392
2030.359985,20.51,4157650000,2055.014,6.006643
2005.030029,19.59,4361990000,2052.5045,1.106622
1986.709961,23.55,4958680000,2049.0755,-4.092388
1973.77002,23.9,4942370000,2047.13,-4.9162
2018.97998,17.14,4703380000,2047.7555,-1.649429
2061.040039,16.57,6465530000,2048.6505,1.680256
2069.280029,16.32,3369520000,2049.4025,4.899238
2081.47998,14.47,3043950000,2050.0405,7.654973
2083.25,14.52,1416980000,2050.783,9.703654
2084.300049,14.6,1735230000,2051.58,11.747793
2087.629883,16.04,2452360000,2052.7305,13.359038
2088.48999,15.9,2440280000,2054.076,13.653899
2082.110107,15.91,2606070000,2053.6935,12.018205
2058.899902,17.76,2708700000,2052.887,10.543878
2054.439941,19.19,3799120000,2050.32,6.267594
2022.150024,20.33,4460110000,2046.682,1.4123
2005.550049,20.15,3805480000,2044.9615,-0.549908
2030.609985,17.93,3934010000,2045.0775,0.809956
2063.449951,16.44,3364140000,2046.011,0.483696
2046.130005,18.02,3456460000,2045.6575,-1.097661
2031.579956,18.21,4107300000,2046.6925,-2.741314
2018.400024,22.87,4378680000,2047.7745,-4.935957
2013.75,21.23,4276720000,2048.771,-8.082916
1992.25,22.8,4056410000,2049.0975,-8.322467
2020.76001,20.07,3944340000,2047.1635,-8.16562
2020.189941,20.92,3730070000,2045.237,-7.186259
2034.300049,17.98,4176050000,2044.4675,-3.861732
2062.97998,16.79,3573560000,2042.95,-2.116854
2050.419922,16.96,3465760000,2041.7105,-0.305262
2047.859985,17.6,3329810000,2038.7495,-1.079368
2032.339966,16.97,4067530000,2034.329,-3.858518
2002.449951,20.46,4127140000,2031.374,-4.469094
2019.349976,20.23,4568650000,2028.1785,-6.991351
1996.670044,20.89,4008330000,2026.311,-6.824898
2022.709961,18.41,4615900000,2027.7835,-4.288961
2048.860107,17.82,4141920000,2029.7285,-2.932896
2043.449951,17.29,3821990000,2031.5595,-0.161018
2062.280029,16.29,4232970000,2031.226,1.450124
2053.469971,19.16,3549540000,2031.3225,1.999478
2049.379883,17.72,3669850000,2033.339,4.150118
2068.550049,17.43,3596860000,2035.614,5.783011
2069.97998,16.39,3788350000,2039.4745,8.587893
2088.780029,15.11,3527450000,2044.6905,11.366442
2096.469971,15.86,3361750000,2048.7365,13.681073
2099.159912,16.74,3370020000,2052.593,15.285971
2099.25,16.11,3247100000,2055.8595,16.191279
2097.649902,15.73,3281600000,2058.217,17.741121
2109.830078,15.05,3093680000,2061.109,18.702152
2109.100098,14.5,3199840000,2064.0285,19.706241
2115.300049,13.64,3312340000,2068.244,20.139117
2113.909912,13.55,3408690000,2073.673,19.99987
2110.879883,14.07,3547380000,2077.8355,19.165077
2105.22998,13.9,3409490000,2083.9555,19.320893
2115.76001,13.35,3262300000,2088.302,18.456181
2107.719971,14.31,3421110000,2090.727,16.830481
2098.540039,14.01,3103030000,2093.7035,15.565212
2100.909912,14.61,3853570000,2094.1405,12.020911
2072.25,15.72,3349090000,2095.3385,9.758784
2076.139893,16.47,3668900000,2095.2095,5.06169
2044.689941,16.44,3406570000,2093.792,1.011241
2041.099976,16.45,3405860000,2093.663,-0.122772
2064.560059,15.47,3498560000,2091.909,-2.010984
2055.350098,15.78,3295600000,2091.119,-1.250569
2080.590088,16.31,3221840000,2089.816,-1.191776
2072.840088,14.6,4128210000,2089.807,0.879721
2098.689941,14.68,3305220000,2089.398,1.676594
2090.320068,13.52,5554120000,2089.288,3.783927
2107.98999,13.52,3267960000,2089.026,5.098288
2103.939941,13.36,3189820000,2087.827,5.039303
2093.100098,13.26,3521140000,2085.1865,2.506602
2059.939941,16.64,3510670000,2082.457,0.102843
2055.780029,15.73,3008550000,2080.283,-1.393125
2064.110107,14.76,2917690000,2078.7255,-0.537452
2084.050049,14.97,3376550000,2076.731,-1.324746
2067.629883,15.32,3543270000,2074.789,-2.580606
2060.030029,15.3,3095960000,2073.085,-2.95519
2064.870117,15.75,3302970000,2073.553,-2.125304
2080.790039,14.57,3065510000,2073.398,-1.793111
2076.939941,14.59,3265330000,2075.285,-1.06808
2081.290039,14.14,3172360000,2077.832,0.25242
2091.51001,13.2,3156200000,2079.6375,2.152044
2102.030029,13.17,2908420000,2081.589,2.847624
2092.280029,14.34,3301270000,2082.3215,3.632165
2097.820068,13.58,4013760000,2083.939,5.066182
2105.959961,13.27,3434120000,2084.2135,6.001139
2102.580078,13.97,3627600000,2083.809,4.765893
2084.110107,13.67,3000160000,2083.424,5.277015
2102.820068,12.75,3243410000,2083.0675,5.369239
2098.27002,12.97,3348480000,2083.8905,6.231474
2107.209961,12.96,3636670000,2086.4845,7.232468
2112.800049,12.21,3375780000,2089.5615,8.314016
2119.290039,12.34,3438750000,2091.9565,8.367035
2108.350098,13.26,3546270000,2093.3825,8.779092
2112.48999,13.44,4074970000,2095.3305,8.370885
2105.52002,13.89,4509680000,2096.6215,6.253334
2087.379883,13.98,3379390000,2098.688,6.340229
2110.22998,13.12,3091580000,2100.3815,6.830643
2112.629883,13.21,3793950000,2101.038,5.140333
2091.26001,13.93,3792210000,2100.9505,3.014758
2079.959961,15.48,3676640000,2100.7915,1.941277
2092.129883,13.36,3399440000,2101.4935,3.319703
2115.560059,13.35,2992670000,2102.1385,3.502689
2102.870117,14.73,3139520000,2102.3025,3.110754
2099.620117,13.63,3374260000,2101.895,2.717177
2100.429932,13.14,3225740000,2102.7005,4.182299
2122.070068,12.46,3092080000,2104.778,5.412554
2121.300049,13.08,2888190000,2106.218,6.830872
2129.449951,12.95,3296030000,2107.745,7.754958
2127.790039,12.9,3025880000,2108.6395,8.232632
2125.550049,13.03,3070460000,2109.534,8.909527
2130.360107,12.37,2571860000,2109.9525,8.958609
2125.340088,13.45,3342130000,2109.7165,7.151153
2105.129883,14.16,3127960000,2110.1525,7.191567
2122.27002,13.49,2980350000,2110.8495,6.926688
2120.659912,13.59,3927390000,2111.9435,5.571279
2108.639893,13.92,3011710000,2112.1155,4.79207
2110.409912,14.72,3049350000,2111.871,3.957053
2110.639893,13.73,3099980000,2113.1015,3.614324
2112.350098,14.57,3200050000,2113.886,1.850371
2095.090088,15.01,3243690000,2114.1275,0.207155
2092.340088,14.84,2917150000,2112.2865,-2.163537
2079.070068,15.18,3034580000,2111.0275,-3.92686
2081.120117,14.24,3414320000,2111.3315,-3.265339
2106.23999,13.04,3128600000,2111.8505,-2.417876
2107.429932,13.31,2719400000,2110.501,-2.902993
2091.340088,15.48,3061570000,2108.586,-4.022182
2084.26001,15.62,2919900000,2106.9405,-3.907106
2097.399902,14.66,3222240000,2105.571,-3.441367
2101.580078,14.03,3520360000,2105.3405,-1.377994
2121.060059,13.35,4449810000,2104.299,-0.643124
2112.5,13.42,3030020000,2104.1385,0.965827
2123.159912,12.5,3091190000,2105.1385,2.323086
2123.649902,12.57,3102480000,2104.3935,2.113953
2109.959961,12.96,3214610000,2103.4695,1.42584
2102.620117,14.13,5025470000,2103.1745,0.805059
2098.629883,16.7,3678960000,2100.47,-3.188489
2061.189941,17.6,4078540000,2098.1455,-5.844647
2067,16.63,3727260000,2096.313,-6.717539
2078.030029,15.43,2996540000,2095.36,-7.37593
2073.949951,18.65,3486360000,2094.1565,-8.447479
2069.52002,17.22,4458660000,2094.2595,-8.187211
2077.659912,17.38,3608780000,2092.586,-10.654896
2049.72998,17.46,3446810000,2089.8915,-12.0975
2052.73999,17.45,3065070000,2088.2795,-11.07085
2080.030029,15.29,3096730000,2088.554,-8.307169
2099.719971,13.91,3002120000,2089.78,-5.301354
2109.01001,13.35,3261810000,2090.3355,-3.009604
2110.550049,12.59,3227080000,2091.528,0.167575
2126.800049,11.77,3362750000,2091.798,2.842373
2126.850098,12.25,3245870000,2092.7125,5.036446
2127.550049,12.42,3343690000,2092.5305,5.974522
2118.209961,12.77,3694070000,2092.028,6.237748
2114.159912,12.06,3772810000,2091.7065,5.41563
2102.23999,12.87,3870040000,2090.5735,2.914932
2078.189941,15.6,3836750000,2088.881,-0.035586
2070.75,14.87,4117740000,2090.6615,-0.303877
2094.699951,13.57,4038900000,2092.9345,0.711495
2106.780029,12.72,3579410000,2094.495,1.503692
2111.600098,12.03,3681340000,2095.848,1.725115
2104.48999,12.85,3476770000,2097.312,1.416258
2097.679932,12.66,3546710000,2097.911,0.781611
2095.27002,12.02,3968680000,2100.569,0.795588
2100.75,12.2,4246570000,2102.1815,-0.501218
2082.610107,13.57,3602320000,2102.229,-1.989357
2080.97998,12.73,3514460000,2102.458,-1.009872
2102.659912,13.24,3708880000,2101.214,-1.835177
2081.100098,15.19,4269130000,2100.1465,-2.302921
2086.189941,13.87,3221300000,2098.1015,-2.855337
2083.149902,13.69,2795590000,2096.3465,-2.605459
2089.699951,14.32,2867690000,2095.0545,-1.510479
2101.98999,13.41,2949990000,2093.94,-1.075717
2095.689941,14.84,3512920000,2092.213,-2.103687
2076.610107,16.55,3922470000,2088.892,-6.385502
2034.079956,22.55,5018240000,2083.454,-14.839853
1965.150024,28.03,6612690000,2074.7325,-27.491212
1898.079956,31.13,5183560000,2063.4505,-39.13212
1872.75,31.13,5338250000,2055.0475,-41.991155
1942.77002,27.11,5006390000,2048.999,-39.991355
1986.060059,26.69,3949080000,2043.2505,-37.872294
1986.72998,27.03,3915100000,2036.9575,-37.111863
1970.089966,31.91,4371850000,2027.984,-40.746263
1916.52002,29.14,3742620000,2020.435,-40.336562
1950.790039,25.21,3520700000,2013.8135,-39.374812
1947.76001,27.43,3167090000,2005.996,-40.558571
1927.300049,25.05,3548650000,1999.2575,-37.179596
1971.449951,22.39,3652120000,1992.156,-36.291913
1941.589966,26.87,3626320000,1985.468,-34.365188
1951.449951,25.38,3218590000,1979.351,-31.765216
1963.060059,24.03,3000200000,1972.4255,-30.005977
1955.099976,23.28,3239860000,1966.208,-26.286618
1978.02002,22.57,3630680000,1961.1275,-21.699353
1995.329956,21.54,4183790000,1956.657,-18.265692
1989.660034,23.07,6021240000,1952.772,-17.933612
1960.839966,21.97,3269350000,1952.576,-16.755902
1961.390015,22.97,3808260000,1955.0525,-17.575122
1943.23999,22.09,3190530000,1958.61,-18.334168
1934.810059,23.53,4091530000,1958.1965,-19.240039
1935.930054,21.12,3721870000,1955.3805,-19.802302
1929.180054,25.02,4326660000,1950.0255,-23.971457
1881.900024,26.57,4132390000,1945.621,-26.779638
1887.140015,24.64,4525070000,1945.93,-25.807591
1919.650024,23.14,3983600000,1944.678,-24.449575
1921.77002,23.99,4378570000,1944.6895,-20.910052
1954.329956,20.31,4334490000,1947.981,-15.051565
1986.630005,19.54,4202400000,1948.5065,-10.858829
1982.339966,18.96,4666470000,1951.196,-6.181001
1994.01001,18.62,3939140000,1954.253,-1.041609
2013.72998,17.15,3706900000,1956.945,3.113318
2015.650024,17.68,2893250000,1960.1665,6.538137
2015,17.08,3401920000,1961.4465,8.04843
2003.660034,17.67,3644590000,1961.393,8.386142
1996.469971,17.62,3746290000,1963.076,10.918011
2024.369995,15.64,3595430000,1966.83,13.51514
2031.72998,15.68,3287320000,1970.1645,15.439783
2033.130005,15.17,3331500000,1974.566,16.541201
2033.469971,14.98,3627790000,1978.575,16.271928
2021.880005,15.02,4430850000,1984.5885,18.553472
2058.189941,13.46,4108460000,1991.779,21.935612
2075.080078,14.76,3385800000,2001.2495,24.018762
2068.75,15.75,4216880000,2010.3395,24.955148
2066.47998,15.14,4698110000,2018.8555,27.35562
2088.350098,14.8,4008940000,2027.135,28.8496
2090,14.6,4256200000,2033.535,28.889618
2080.76001,15.41,3760020000,2039.385,30.561317
2102.629883,14.33,4272060000,2045.8785,31.980667
2110.600098,14.04,4078870000,2051.2025,32.131547
2101.679932,15.39,4051890000,2055.5275,31.693728
2098.600098,14.91,4369020000,2059.743,30.931292
2096.560059,15.34,3882350000,2062.799,28.336549
2077.189941,16.69,3821440000,2066.7005,26.23119
2083.409912,15.07,3692410000,2070.7385,23.746694
2072.290039,17.06,4016370000,2071.844,19.21375
2044.640015,18.68,4278750000,2071.3405,13.614164
2022.079956,20.51,3741240000,2072.317,11.477006
2053.669922,17.82,4427350000,2073.3005,9.452428
2051.98999,19.01,3926390000,2076.5325,10.402148
2083.699951,16.25,3628110000,2077.969,10.84102
2082.820068,16.13,3929600000,2078.67,11.693914
2089.409912,16.15,3587980000,2079.4405,12.02306
2084.419922,16.53,3884930000,2080.603,12.347342
2089.300049,15.55,2852940000,2080.529,12.43916
2088.820068,15.31,1466840000,2080.564,12.468258
2090.949951,15.55,4275030000,2080.6165,11.575177
2082.929932,15.61,3712120000,2080.5455,12.516096
2101.709961,15.04,3950640000,2079.0315,11.266318
2080.709961,15.87,4306490000,2076.397,7.774369
2051.23999,17.43,4214910000,2075.985,8.305926
2090.419922,15.65,4043820000,2074.8785,7.461466
2073.389893,17.69,4173570000,2074.129,5.639493
2061.169922,18.05,4385250000,2072.424,2.873794
2047.930054,19.25,3715150000,2071.2855,1.041935
2047.27002,21.36,4301060000,2069.6055,-3.584871
2013.369995,24.7,4612440000,2069.5505,-6.405589
2025.550049,20.76,4353540000,2069.0615,-6.829849
2046.5,19.25,4635450000,2070.193,-4.718374
2073.76001,16.18,4327390000,2068.1085,-5.497607
2040.810059,19.34,6683070000,2064.324,-8.944383
2010.27002,19.64,3760280000,2060.923,-10.298475
2023.150024,17.61,3520860000,2058.542,-9.820472
2042.199951,15.86,3484090000,2057.2995,-7.314226
2063.52002,15.44,1411860000,2055.9055,-5.530537
2057.77002,17.65,2492510000,2054.225,-4.428211
2060.540039,15.91,2542000000,2054.1225,-1.770284
2077.340088,16.5,2367430000,2052.159,-0.864269
2060.590088,17.97,2655330000,2050.3805,-1.693753
2038.199951,22.48,4304880000,2048.5325,-4.819602
2013.780029,20.75,3706620000,2044.7835,-6.890628
2011.709961,21.67,4336660000,2040.443,-10.544672
1985.319946,23.22,5076590000,2034.418,-17.05021
1945.969971,22.96,4664940000,2028.1385,-23.632836
1926.119995,25.58,4607290000,2021.7105,-28.390018
1927.829956,22.97,4887260000,2018.026,-30.596243
1940.339966,21.72,5087030000,2011.443,-35.837061
1891.680054,24.75,5241110000,2005.3645,-37.017108
1916.680054,28.96,5468460000,1995.7275,-40.831138
1888.660034,25.4,4928350000,1987.6995,-43.274254
1876.180054,27.78,6416070000,1980.3885,-46.450208
1861.459961,27.79,5078810000,1972.7805,-47.638546
1877.400024,24.21,4901760000,1966.177,-45.002531
1906.280029,23.3,4401380000,1956.8165,-44.803231
1878.790039,23.75,4357940000,1948.9485,-42.018557
1902.52002,22.88,4754040000,1940.271,-41.007676
1885.219971,22.15,4693010000,1931.021,-38.917923
1894,21.59,5497570000,1924.865,-33.097428
1936.939941,21.32,4322530000,1919.637,-28.228637
1935.26001,21.34,4463190000,1914.1555,-26.992078
1907.069946,21.49,5172950000,1908.9465,-24.957827
1911.670044,22.29,5193320000,1905.206,-22.846687
1913.069946,22.09,4929940000,1902.054,-23.75623
1873.25,25.89,5636460000,1898.6245,-26.320844
1848.459961,28.3,5183220000,1895.0515,-28.128324
1857.099976,25.75,4471170000,1890.7105,-29.25181
1847,29.01,5500800000,1887.6505,-31.615888
1833.400024,27.16,4696920000,1884.7975,-30.259928
1871.439941,24.96,4570670000,1885.56,-26.395744
1898.800049,23.4,5011540000,1887.8345,-20.575363
1927.569946,22.16,4436490000,1890.7595,-16.497909
1916.73999,22.39,4142850000,1893.199,-13.119301
1924.439941,20.14,4054710000,1895.129,-8.111454
1942.380005,19.75,3890650000,1897.3385,-6.028366
1917.560059,22.28,4317250000,1898.647,-3.647162
1931.869995,20.54,4118210000,1902.0845,0.007025
1954.949951,18.89,4348510000,1904.819,2.578744
1947.130005,20.49,4588180000,1904.4185,3.302242
1937.089966,19.84,4819750000,1906.367,7.510541
1976.599976,17.98,4666610000,1910.538,11.368205
1985.599976,17.25,5081700000,1914.5815,14.815455
1994.01001,16.48,6049930000,1918.8085,17.873153
1996.109985,17.98,4968180000,1924.894,20.206299
1996.880005,18.38,4641650000,1931.185,20.00912
1981.439941,18.56,4038120000,1938.0375,20.424331
1990.969971,18.17,4376790000,1944.923,20.541613
1994.709961,17.09,4078620000,1954.5785,23.001573
2019.27002,17.01,3487850000,1962.3215,24.463347
2015.27002,17.6,3560280000,1968.339,25.033872
2014.23999,15.96,4057020000,1973.359,26.096206
2026.900024,15.34,4530480000,1979.497,27.697678
2041.160034,14.05,6503140000,1986.087,29.353901
2047.880005,14.57,3376600000,1991.392,30.478134
2048.639893,14.57,3418460000,1997.8185,30.868024
2048.550049,14.57,3639510000,2003.164,29.777505
2032.47998,16.3,3407720000,2007.376,28.52234
2037.890015,15.65,2809090000,2011.826,27.302455
2035.75,15.74,3822330000,2017.965,27.468272
2058.27002,13.69,3590310000,2022.245,27.998319
2063.77002,13.73,3715280000,2025.9095,27.758689
2056.620117,15.23,3749990000,2029.8785,28.294834
2073.189941,13.88,3485710000,2033.1855,27.861958
2062.5,15.39,4154920000,2035.356,25.533272
2045.560059,15.61,3750800000,2039.726,25.132128
2063.01001,15.14,3801250000,2042.3585,22.557076
2045.540039,15.34,3359530000,2045.26,20.736427
2050.22998,15.34,3567840000,2046.25,18.626159
2043.719971,15.98,4239740000,2048.354,18.334455
2065.919922,14.49,4191830000,2051.6785,19.548254
2082.889893,13.9,3765870000,2054.4565,20.305182
2083.100098,13.77,3701450000,2056.4635,20.503286
2078.830078,14.87,3316880000,2058.7015,21.510537
2096.050049,13.18,3896830000,2061.1615,22.569888
2101.52002,13.39,4184880000,2063.7915,23.270293
2102.090088,13.2,4175290000,2066.53,22.682743
2091.48999,13.7,3790580000,2069.312,21.971896
2089.370117,14.07,3319740000,2071.849,20.862237
2089.840088,14.01,3557190000,2073.6835,20.067008
2092.330078,14.15,4100110000,2075.2435,19.490496
2090.929932,14.53,4309840000,2076.047,17.273906
2071.820068,15.21,4704720000,2075.673,14.502004
2067.169922,16.33,3841110000,2076.438,13.451744
2077.179932,14.92,4173390000,2077.348,11.034911
2060.300049,15.47,4058560000,2076.571,8.038419
2052.949951,15.54,4008530000,2077.007,5.560045
2047.77002,16.2,3796350000,2077.484,4.074254
2057.550049,15.2,3788620000,2078.319,2.987389
2062.629883,13.98,3600200000,2079.4525,4.151954
2083.290039,13.92,3821980000,2078.5545,3.42719
2067.169922,14.55,3782390000,2077.621,2.792378
2062.5,15.15,3579880000,2075.915,0.867185
2046.530029,15.72,3501360000,2074.531,0.948391
2065.040039,14.57,4108960000,2071.8515,-0.550362
2044.380005,15.72,4101320000,2069.113,-1.684822
2044.209961,16.37,3846770000,2066.541,-3.159913
2041.880005,16.13,3507650000,2064.578,-3.3
2052.22998,16.33,3055480000,2062.5905,-3.713573
2052.649902,16.03,3627340000,2061.8085,-1.760063
2078.929932,14.19,3859160000,2061.578,0.945622
2091.439941,13.8,3230990000,2062.2925,3.019584
2090.060059,13.49,3079150000,2063.9805,5.32483
2100.129883,13.94,4514410000,2064.757,6.902732
2093.939941,14.45,3525170000,2066.555,8.249375
2097.709961,14.42,3632720000,2069.262,9.683476
2104.070068,13.78,3627780000,2071.687,10.207704
2100.830078,13.84,3442020000,2074.3005,11.322154
2110.179932,12.77,3534730000,2076.9725,12.28325
2112.709961,13.84,3562060000,2078.709,13.453873
2115.649902,14.01,3290320000,2081.26,13.927337
2109.570068,14.89,3515010000,2082.858,12.591192
2091.75,18.24,3392030000,2084.4805,10.043943
2076.649902,21.28,3759770000,2084.9135,7.635426
2077.600098,20.25,3544720000,2086.128,5.356669
2066.360107,20.8,3628280000,2087.646,4.027994
2078.199951,19.42,4952630000,2089.205,2.401049
2075.580078,17.42,3467440000,2090.7515,2.058673
2085.189941,17.67,3232880000,2092.7945,2.217681
2089.75,18.26,3168160000,2093.264,2.041774
2092.800049,19.54,3297940000,2094.403,4.103935
2103.810059,26.06,7597450000,2091.7685,-0.382679
2031.449951,24.38,5431220000,2086.8425,-6.834668
2006.670044,21.76,4385810000,2083.799,-8.97586
2042.689941,18.12,4241740000,2082.371,-7.784647
2073.169922,16.91,4622820000,2082.051,-4.521849
2099.340088,15.59,3458890000,2082.242,-1.587727
2095.050049,16.05,3658380000,2081.199,-0.419538
2084.429932,15.87,3909380000,2080.579,1.392343
2100.419922,14.8,3604550000,2079.518,2.650058
2106.969971,14.64,3607500000,2080.239,6.157954
2131.719971,13.25,3253340000,2082.2935,9.415274
2139.5,12.93,4097820000,2085.9475,13.054995
2153.810059,13.32,3502320000,2089.803,15.780987
2157.879883,12.5,3465610000,2094.4155,18.639916
2165.129883,13.12,3122600000,2098.603,20.507054
2162.040039,12.75,3009310000,2103.3865,22.14704
2163.790039,12.53,2968340000,2107.413,22.93145
2166.100098,11.94,3211860000,2111.619,24.021783
2172.909912,11.8,3438900000,2115.605,23.976069
2166.469971,12.8,3023280000,2118.6905,24.453574
2173.709961,12.64,3057240000,2125.244,24.026508
2168.969971,12.88,3442350000,2133.676,23.473946
2169.810059,12.61,3995500000,2140.2005,22.56611
2166.050049,12.51,3664240000,2145.165,21.875286
2168.830078,12.85,4038840000,2148.902,21.367144
2173.149902,11.89,3505990000,2152.2965,20.505356
2169.939941,12.39,3848750000,2155.7205,18.494835
2156.810059,13.53,3786530000,2158.9235,17.248132
2163.51001,12.73,3709200000,2162.241,16.111505
2168.790039,12.08,3663070000,2164.8895,16.522735
2183.76001,11.66,3327550000,2167.076,16.498682
2182.23999,11.4,3334300000,2168.556,16.359624
2182.810059,11.55,3254950000,2169.709,15.565665
2177.969971,11.93,3423160000,2170.811,15.587884
2183.73999,11.61,3000660000,2171.9265,15.288848
2186.080078,11.81,3078530000,2173.0895,15.366939
2186.23999,12.04,3196400000,2173.808,14.295735
2177.840088,12.57,3388910000,2174.268,13.61823
2181.899902,12.2,3300570000,2175.3605,13.315134
2184.23999,11.67,3084800000,2175.8025,12.674644
2181.580078,12.53,2777550000,2176.5105,11.930275
2187.810059,12.15,3041490000,2177.3965,11.550952
2185.090088,12.7,3148280000,2177.8395,10.207939
2173.290039,13.62,2969310000,2177.96,8.802468
2175.100098,13.54,3342340000,2177.732,7.327384
2170.189941,14.09,2654780000,2178.209,6.992804
2179.449951,12.94,3006800000,2179.1635,6.311149
2173.560059,13.14,3766390000,2179.5215,5.292746
2171.330078,13.07,3392120000,2179.852,4.427356
2177.48999,13.47,3091120000,2179.7075,4.426411
2181.610107,12.42,3447650000,2179.987,4.893745
2185.169922,11.89,3319420000,2180.208,5.178594
2182.76001,11.74,3727840000,2180.4985,4.955059
2169.080078,12.52,4233960000,2177.5995,0.456448
2120.860107,20.13,4010480000,2176.349,-0.582024
2150.469971,15.98,4141670000,2173.1925,-3.943311
2127.860107,17.63,3664100000,2170.5735,-6.631575
2125.360107,17.97,3373720000,2168.8255,-6.94789
2146.47998,16.41,5014360000,2166.4325,-7.76269
2143.98999,15.14,3163000000,2164.195,-8.315793
2145.939941,14.98,3140730000,2162.051,-8.603315
2144.580078,15.07,3712090000,2160.862,-6.867063
2170.939941,13.39,3552830000,2160.949,-4.306898
2173.290039,12,3317190000,2160.56,-3.248343
2158.540039,13.26,3216170000,2159.413,-3.864936
2146.040039,13.36,3437770000,2158.3905,-3.200729
2161.850098,12.9,3891460000,2158.153,-1.73127
2168.899902,12.53,4249220000,2157.162,-2.174842
2156.51001,14.91,4173340000,2157.0325,-1.130292
2164.330078,13.75,3137550000,2156.0935,-0.863021
2163.370117,13.4,3750890000,2154.294,-1.498144
2155.149902,13.56,3906550000,2152.9725,-1.24158
2158.219971,13.11,3461550000,2151.946,-0.943457
2164.189941,13.52,3619890000,2153.2425,-1.259931
2160.389893,14.19,2916550000,2153.4735,-0.702183
2161.350098,13.71,3438270000,2153.959,-2.405461
2137.669922,15.53,2977100000,2154.6295,-3.517084
2130.26001,16.88,3580450000,2153.894,-4.876822
2139.679932,16.49,3228150000,2153.585,-5.852265
2132.949951,17.01,2830390000,2152.954,-7.066732
2138.310059,15.82,3170000000,2152.946,-6.892691
2140.810059,15.45,3362670000,2152.0045,-6.303653
2142.51001,14.43,3337170000,2150.2125,-6.005648
2139.429932,14.04,3448850000,2149.036,-5.718086
2148.5,13.19,3357320000,2149.2975,-4.616343
2149.719971,12.91,3751340000,2148.459,-4.352284
2136.969971,13.66,3775200000,2146.862,-4.393352
2144.060059,14.37,4204830000,2145.9575,-4.885204
2132.22998,15.67,4019510000,2143.8645,-5.743775
2129.780029,16.31,3922400000,2142.112,-6.37173
2128.679932,16.54,4532160000,2140.1735,-7.942216
2109.429932,19.09,4248580000,2137.084,-10.181403
2098.800049,19.85,3886740000,2133.4785,-12.56001
2083.790039,21.86,3837860000,2130.0505,-14.558063
2100.590088,19.78,3736060000,2128.4435,-12.260948
2129.919922,18.92,3916930000,2128.585,-9.68012
2131.560059,20.7,6264150000,2129.789,-5.657191
2167.48999,14.01,6451640000,2131.5355,-2.104216
2162.709961,14.83,4988050000,2133.109,0.461725
2165.639893,14.69,5367200000,2134.994,2.446872
2168.290039,14.16,4543860000,2137.0335,5.265812
2177.530029,13.51,3830590000,2138.666,7.13916
2178.610107,13.37,3809160000,2140.955,9.337605
2186.850098,13.56,3572400000,2142.992,10.537212
2186.429932,13.27,3607010000,2145.3345,12.655682
2201.560059,12.26,3957940000,2148.3235,14.550943
2198.550049,12.34,3418640000,2151.588,16.012005
2206.27002,12.52,1584600000,2155.6035,17.662672
2210.209961,13.4,3505650000,2159.369,17.826897
2200.76001,13.07,3706560000,2163.2945,17.986937
2204.969971,12.6,5533980000,2167.649,17.440679
2200.169922,13.4,5063740000,2172.306,16.197306
2191.120117,14.16,3779500000,2177.4705,15.107971
2200.649902,13.75,3895230000,2183.447,15.100224
2207.26001,12.19,3855320000,2187.4825,15.521959
2210.719971,11.59,4501820000,2192.572,17.998452
2241.129883,12.1,4200580000,2196.7185,20.119711
2249.72998,12.59,3884480000,2201.321,22.616541
2258.830078,12.23,4034510000,2205.9465,24.109994
2263.320068,12.46,3857590000,2211.3225,26.182757
2268.350098,12.88,4406970000,2214.967,26.03734
2253.77002,13.07,4168200000,2219.2215,26.324693
2266.810059,12.88,5920340000,2222.769,25.933933
2259.23999,12.5,3248370000,2226.8005,25.688023
2266.5,11.65,3298780000,2230.4295,25.859141
2270.540039,11.44,2852230000,2233.5415,25.253389
2262.929932,11.32,2876320000,2236.3535,24.15437
2260.25,11.38,2020550000,2238.8755,23.243808
2266.22998,12.26,1987080000,2242.2335,22.671557
2270.22998,11.89,2392360000,2244.4965,20.452368
2249.5,13.15,2336370000,2247.019,18.427963
2251.610107,13.2,2670900000,2249.4065,15.799862
2251.570068,14.07,3770530000,2252.7005,15.076423
2261.600098,12.78,3764890000,2256.0025,15.36847
2268.179932,11.96,3761820000,2258.841,15.282542
2271.139893,11.7,3339890000,2260.6225,15.67764
2273.590088,11.71,3217610000,2261.758,15.163969
2269.719971,11.59,3638790000,2262.2265,14.588711
2268.600098,11.56,3620410000,2263.1445,14.483894
2271.139893,11.48,3462130000,2263.0805,13.847427
2272.73999,11.45,3081270000,2264.1485,13.526007
2269.139893,12.2,3584990000,2264.4415,12.581578
2269.139893,11.79,3315250000,2265.1325,12.01735
2271.899902,12.58,3165970000,2265.1905,10.784209
2269.959961,12.58,3524970000,2265.218,10.30304
2267.780029,12.3,3152710000,2265.219,9.321235
2267.879883,11.82,3810960000,2266.1745,9.632
2288.879883,10.79,3846020000,2267.9035,11.22554
2298.629883,10.61,3610360000,2269.2935,12.211298
2299.02002,10.57,3135890000,2271.532,12.685709
2286.01001,11.1,3591270000,2273.114,11.812776
2274.02002,12.29,4087450000,2275.116,10.832298
2285.590088,11.79,3916610000,2276.202,9.994917
2276.689941,12.37,3807710000,2276.707,9.328651
2288.540039,11.84,3597970000,2278.128,10.022161
2294.280029,11.37,3109050000,2278.907,10.063605
2295.870117,11.39,3448690000,2280.116,10.022872
2289.550049,11.19,3609740000,2281.4045,10.003575
2296.699951,11.44,3677940000,2283.032,10.927447
2312.27002,10.85,3475020000,2285.315,12.183273
2321.719971,11.36,3349730000,2287.9955,13.997573
2326.120117,11.17,3520910000,2291.48,16.00379
2335.580078,10.84,3775590000,2295.348,18.324173
2349.639893,12.02,3672370000,2299.5245,19.771377
2343.01001,11.84,3513060000,2303.517,20.994213
2354.909912,12.05,3579780000,2308.526,22.847385
2361.110107,11.48,3468670000,2312.6635,23.834714
2367.5,11.66,4015260000,2315.9355,24.415617
2355.72998,11.81,3831570000,2319.4685,24.874094
2365.22998,11.78,3582610000,2323.2215,25.142086
2366.080078,12.19,4210140000,2327.3585,24.578124
2380.129883,12.31,4345180000,2333.213,26.434414
2394.75,12.43,3821320000,2338.3315,26.467526
2380.919922,11.96,3555260000,2343.445,26.28757
2375.22998,11.59,3232700000,2347.3395,25.223986
2370.73999,11.27,3518390000,2351.131,23.551218
2369.810059,11.49,3812100000,2354.626,21.540688
2363.48999,11.75,3716340000,2358.136,19.870777
2372.52002,11.97,3432950000,2361.3725,18.952634
2371.560059,12.16,3133900000,2364.241,18.086708
2368.550049,11.39,3172630000,2366.101,16.562387
2370.340088,12.12,3906840000,2368.485,16.759658
2387.709961,11.29,3365660000,2370.0915,16.413707
2383.709961,11.38,5178040000,2371.643,15.705925
2378.23999,11.71,3054930000,2372.7585,14.591099
2379.320068,11.15,4265590000,2371.6905,11.202093
2343,12.95,3572730000,2370.972,8.772619
2345.969971,12.65,3260600000,2370.0795,6.57058
2350.419922,12.86,2975130000,2368.9115,4.612508
2329.110107,14.78,3240230000,2367.5035,2.835187
2339.790039,12.44,3367780000,2367.25,2.764919
2356.540039,11.54,3106940000,2365.5085,2.882574
2361.310059,11.37,3158420000,2364.8155,3.494724
2364.820068,11.61,3354110000,2363.7955,3.508519
2362.340088,12.59,3416400000,2362.972,3.169829
2354.76001,12.71,3206240000,2362.5605,2.97365
2366.590088,11.89,3770520000,2362.059,2.210903
2353.790039,13.11,3201920000,2361.69,1.950279
2356.590088,13.17,3053150000,2360.837,1.568306
2357.159912,13.24,2785410000,2360.0215,1.380398
2353.919922,14.32,3117420000,2359.438,0.947815
2352.149902,15.16,3196950000,2357.4215,-0.107887
2341.97998,15.89,3143890000,2354.8,-2.208532
2332.620117,16.19,2824710000,2353.338,-2.228941
2342.530029,14.5,3269840000,2351.774,-2.763575
2346.790039,14,3519900000,2351.4815,-3.471637
2342.689941,14.59,3647420000,2351.851,-2.577252
2354.73999,13.85,3503360000,2351.9875,-2.417523
2370.330078,11.56,3690650000,2353.496,-0.233831
2381.51001,10.81,3995240000,2355.847,2.633207
2388.97998,10.61,4105920000,2357.291,4.756918
2389.699951,10.72,4098460000,2358.673,6.471884
2393.679932,10.39,3718270000,2359.48,7.377206
2388.5,10.92,3199240000,2360.7605,8.331892
2391.050049,10.15,3813680000,2362.377,9.211467
2386.5,10.56,3893990000,2363.7755,9.553112
2389.790039,10.71,4362540000,2365.604,9.822799
2392.370117,10.51,3540140000,2367.694,10.701524
2399.939941,10.53,3429440000,2369.886,11.275209
2401.580078,9.87,3653590000,2371.874,11.399945
2396.790039,9.75,3643530000,2374.1665,11.583942
2394.840088,10.34,3727420000,2376.642,11.182071
2392.439941,10.72,3305630000,2379.7395,10.45739
2393.97998,10.54,3473600000,2382.405,10.681445
2404.550049,10.46,3420790000,2385.329,10.603637
2382.949951,11.89,4163000000,2386.272,6.940584
2354.689941,14.06,4319420000,2386.766,4.684794
2371.370117,14.23,3825160000,2388.418,4.141201
2387.209961,12.29,3172830000,2389.4115,4.648515
2397.040039,11,3213570000,2389.902,5.344005
2401.409912,10.61,3389900000,2390.749,6.304244
2409.540039,9.82,3535390000,2392.064,7.836691
2414.5,9.93,2805040000,2393.645,9.007847
2411.669922,10.61,3203160000,2394.874,9.59063
2415.629883,10.1,4516110000,2395.9055,9.849384
2415.649902,10.42,3857140000,2398.002,11.396506
2431.280029,10.08,3461680000,2400.4795,13.197511
2437.830078,10.08,2912600000,2402.32,14.221232
2431.919922,10.19,3357840000,2403.8175,14.321171
2432.030029,10.48,3572300000,2405.6285,14.540197
2434.27002,10.27,3728860000,2407.3365,14.597951
2436.389893,9.93,4027340000,2409.203,14.315702
2425.879883,11.19,4027750000,2411.1275,13.741567
2434.149902,11.12,3275500000,2413.029,14.009449
2443.75,10.33,3555590000,2414.8915,13.86583
2424.139893,11.06,3353050000,2418.663,13.159738
2431.23999,10.63,5284720000,2422.0345,12.511605
2442.550049,10.57,3264700000,2425.621,13.481398
2450.659912,10.28,3416510000,2427.7715,12.776918
2439.310059,11.03,3594820000,2429.631,11.966092
2437.399902,10.81,3468210000,2431.1365,11.105917
2434.649902,10.25,5278330000,2432.298,10.608562
2443.320068,10.13,3238970000,2433.4605,10.159425
2436.340088,10.04,3563910000,2433.784,8.121048
2428.699951,11.17,3500800000,2435.2285,8.131424
2442.379883,9.79,3900280000,2434.7105,6.372472
2429.199951,11.74,3361590000,2433.9275,5.21771
2431.389893,11.07,1962290000,2433.573,4.700244
2430.780029,11.2,3367220000,2433.7335,4.522853
2423.439941,11.2,3364520000,2432.564,2.514323
2413.52002,12.48,2901330000,2432.1335,2.142919
2424.51001,11.26,2999130000,2431.9165,2.006999
2427.350098,10.79,3106750000,2431.7235,1.726071
2435.75,10.85,3171620000,2431.8685,2.899861
2444.98999,10.07,3067670000,2432.364,4.151806
2449.159912,10.09,2736640000,2433.7045,5.997954
2459.5,9.77,2793170000,2435.004,7.365643
2455.879883,9.86,2962130000,2435.3615,8.47052
2463.850098,9.69,3059760000,2437.2015,10.294221
2475.560059,9.66,3182780000,2439.0935,11.57542
2467.399902,9.52,3059570000,2440.9955,12.374702
2472.040039,9.94,3010240000,2442.576,12.650098
2477.879883,9.4,4108060000,2444.479,13.297657
2479.969971,9.25,3557020000,2447.4015,13.709305
2482.76001,9.33,3995520000,2449.138,13.683338
2469.120117,10.62,3294770000,2451.758,13.242216
2475.939941,10.53,3469210000,2454.1025,12.602108
2477.100098,10.19,3460860000,2456.4695,12.439607
2480.379883,10.08,3478580000,2458.721,12.267852
2476.030029,10.47,3645020000,2461.8415,11.561914
2476.879883,10.48,3235140000,2464.424,11.249604
2477.139893,10.19,2931780000,2467.098,11.202187
2478.350098,10.04,3344640000,2469.5675,10.559541
2465.350098,11.49,3308060000,2471.106,9.863913
2465.379883,11.57,3621070000,2470.625,6.349857
2441.040039,16.17,3159930000,2469.7275,3.772408
2454.959961,14.05,2822550000,2470.0625,3.66606
2468.659912,11.78,2913100000,2470.2625,3.44284
2468.629883,11.59,2953650000,2469.9765,3.507921
2462.949951,11.81,3142620000,2467.8045,0.479618
2427.639893,15.38,3415680000,2465.455,-2.254234
2425.5,14.59,2788150000,2463.378,-4.145494
2433.75,12.6,2777490000,2462.147,-3.65431
2444.879883,11.51,2785290000,2460.4575,-3.903505
2447.909912,12.06,2846590000,2458.635,-4.458702
2444.719971,12.2,2588780000,2457.1825,-4.517405
2447.350098,12.09,2677700000,2455.8795,-4.416988
2431.939941,13.33,2737580000,2454.377,-4.123647
2446.060059,11.4,2633660000,2453.378,-2.946201
2462.649902,11.07,3348110000,2453.3525,-0.868531
2474.419922,10.33,2710730000,2453.3385,1.160054
2470.350098,11.75,3490260000,2452.1855,1.244444
2463.830078,12.27,3374410000,2451.7165,1.909827
2468.060059,11.93,3353930000,2451.2705,2.374274
2462.25,11.87,3302490000,2452.4315,2.418336
2474.52002,11.38,3291760000,2454.771,4.553618
2491.939941,10.66,3230920000,2456.303,6.842358
2493.889893,10.72,3368050000,2457.991,8.708325
2494.560059,10.57,3414460000,2459.3665,9.851651
2495.669922,10.51,4853170000,2462.8775,11.002899
2502.51001,10.18,3194300000,2466.7935,12.069855
2506.290039,10.16,3249100000,2470.7075,12.990008
2506.840088,10.04,3530010000,2473.494,13.689728
2507.159912,9.74,2930860000,2476.322,13.472476
2497.26001,9.9,2865960000,2479.4845,13.277961
2499.389893,10.08,3297890000,2482.165,12.530716
2501.040039,10.42,3043110000,2484.795,11.816826
2503.300049,9.9,3456030000,2487.832,11.936521
2503.409912,9.74,3168620000,2490.4555,12.135182
2509.959961,9.59,3211920000,2492.841,12.894416
2521.199951,9.59,3199730000,2495.4695,14.120887
2530.340088,9.3,3068850000,2499.306,15.356432
2533.47998,9.53,3017120000,2502.916,16.401529
2540.860107,9.48,3045120000,2507.2645,18.176559
2547.439941,9.23,2884570000,2511.6595,19.141537
2551.389893,9.92,2483970000,2514.4905,19.312485
2549.98999,10.15,2960500000,2517.1985,19.697786
2550.620117,9.95,2976090000,2520.042,20.142135
2552.879883,9.94,3151510000,2522.8075,19.916914
2555.659912,9.95,3149440000,2525.4545,19.692175
2555.570068,9.95,2916020000,2528.143,19.648267
2557.169922,9.85,2889390000,2530.7785,19.527162
2562.870117,10.34,2998090000,2533.4295,19.361314
2553.389893,10.22,2990710000,2536.5045,19.077743
2567.560059,9.92,3384650000,2540.154,19.683974
2578.080078,10.25,3211710000,2543.57,19.118554
2568.659912,10.89,3427330000,2547.1845,18.78874
2566.52002,11.34,3874510000,2549.69,17.360553
2560.080078,11.17,3869050000,2552.207,16.30302
2570.26001,11.12,3887110000,2555.2925,16.937569
2577.75,10.28,3658870000,2557.478,16.58438
2575.98999,10.34,3827230000,2559.512,16.312515
2583.209961,9.79,3813180000,2561.593,16.240684
2579.459961,10.44,4048270000,2562.982,16.038415
2581.929932,9.83,3567710000,2564.9075,16.334547
2587.469971,9.63,3539080000,2567.2275,16.642861
2592.110107,9.31,3809650000,2569.2275,16.655666
2588.709961,9.79,3899360000,2571.1845,16.774239
2584,9.94,3831610000,2572.869,15.897403
2580.179932,10.78,3486910000,2574.3255,14.844185
2576.530029,11.43,3402930000,2575.6855,14.05247
2577.75,11.53,3641760000,2576.661,12.7958
2569.449951,12.52,3558890000,2576.829,10.528656
2572.949951,12.47,3312710000,2578.006,10.309228
2582.939941,11.75,3300160000,2578.188,9.478175
2579.48999,11.96,3003540000,2579.046,8.981501
2589.169922,10.74,3332720000,2580.541,9.837367
2600.310059,9.6,2762950000,2582.5375,10.240255
2600.419922,9.82,1349780000,2584.6385,10.865193
2602.659912,10.07,3006860000,2585.656,11.151224
2605.939941,9.72,3488420000,2588.3665,13.292004
2627.820068,9.91,4078280000,2590.907,14.740399
2633.929932,10.49,4938490000,2594.318,17.423096
2645.100098,11.19,3942320000,2597.4365,18.898793
2657.189941,11.05,4023150000,2600.0165,19.617828
2639.780029,11.38,3539040000,2601.9385,19.17026
2626.23999,11.63,3229000000,2603.87,18.577204
2628.379883,10.9,3292400000,2606,18.515896
2646.209961,10,3106150000,2609.344,19.415146
2652.189941,9.74,3091950000,2613.2285,20.575697
2661.72998,9.36,3555680000,2617.192,21.57914
2667.590088,9.78,3542370000,2621.391,22.018885
2665.870117,9.98,3430030000,2625.7605,21.247757
2660.629883,10.12,5723920000,2630.269,22.300033
2685.919922,9.46,3724660000,2635.8345,24.015064
2692.709961,9.4,3368590000,2640.801,24.391853
2688.179932,9.69,3241030000,2644.812,24.231995
2683.02002,9.59,3273390000,2649.1865,24.254989
2684.219971,9.37,2399830000,2653.2325,23.898475
2679.090088,10.19,1968780000,2657.1865,23.120255
2682.100098,10.04,2202080000,2659.9655,22.416176
2686.100098,10.29,2153330000,2663.039,22.001571
2689.149902,10.03,2443490000,2664.3405,20.314783
2683.72998,10.95,3367250000,2667.02,20.532658
2697.850098,9.56,3538660000,2670.701,21.845436
2719.310059,9.01,3695260000,2675.422,23.496923
2731.330078,9.1,3236620000,2681.116,26.051486
2742.669922,9.61,3242650000,2686.6525,28.119801
2751.149902,9.41,3453480000,2691.642,29.705407
2745.550049,10.11,3576350000,2696.054,30.365064
2752.969971,9.69,3641320000,2701.2265,32.077844
2770.179932,9.74,3573970000,2707.396,34.544348
2798.959961,10.42,4325970000,2713.6165,35.299765
2784.98999,11.35,3778050000,2719.954,37.574581
2802.399902,12.01,3681470000,2725.3475,38.567277
2802.600098,12.3,3639430000,2731.789,39.88432
2809.159912,11.59,3471780000,2739.475,42.270103
2835.050049,10.77,3519650000,2747.203,44.148991
2845.419922,11,4014070000,2754.913,44.991094
2846.23999,11.27,3835150000,2762.8505,45.274553
2847.47998,11.4,3443230000,2772.363,47.662624
2867.22998,11.71,3573830000,2780.6625,47.447664
2832.73999,13.93,3990650000,2788.1035,44.257623
2832.409912,14.23,4261280000,2794.5035,41.364027
2816.449951,13.05,3938450000,2799.9495,38.479598
2808.919922,13.64,4301130000,2801.8565,31.006844
2741.060059,18.44,5283460000,2797.146,15.769366
2614.780029,37.32,5891660000,2794.5175,7.336934
2690.949951,31.38,4626570000,2791.036,-0.428612
2685.01001,27.29,5305440000,2782.6745,-14.537703
2601.780029,32.18,5680070000,2775.274,-22.350948
2636.75,27.25,4055790000,2768.762,-25.310032
2646.27002,26.94,3472870000,2763.088,-26.786352
2651.209961,23.48,4003740000,2757.8915,-24.790689
2713.459961,18.39,3684910000,2754.55,-20.346444
2727.139893,18.74,3637460000,2750.646,-16.55125
2722.98999,20.53,3627610000,2744.8105,-14.662351
2720.530029,20.76,3779400000,2737.9205,-14.20635
2710.419922,20.57,3701270000,2731.2415,-13.477387
2715.800049,17.96,3189190000,2726.644,-9.295353
2757.370117,16.53,3424650000,2721.9805,-3.336262
2780.449951,15.83,3745080000,2716.518,-1.446988
2753.780029,18.08,4230660000,2711.088,-2.379357
2715.219971,19.96,4503970000,2703.781,-5.96729
2658.889893,22.47,3882450000,2697.2445,-7.62704
2681.060059,21.55,3710810000,2695.185,-6.472063
2730.179932,18.25,3370690000,2699.144,-4.920647
2710.179932,20.11,3393270000,2700.727,-3.754374
2732.75,17.56,3212320000,2703.5925,-1.827016
2752.909912,16.41,3364100000,2713.871,3.500994
2790.540039,15.28,3185020000,2722.0445,7.352273
2792.310059,15.7,3301650000,2727.51,8.873106
2774.060059,16.59,3391360000,2731.837,8.700732
2754.27002,16.99,3500330000,2734.272,8.295018
2750.570068,16.6,5372340000,2735.3125,8.255954
2741.379883,16.63,3282130000,2734.3475,5.012972
2715.050049,18.38,3261030000,2734.3815,2.735731
2714.98999,17.76,3415510000,2734.9115,0.520733
2691.360107,18.13,3739800000,2731.898,-6.664246
2646.709961,24.02,3815080000,2723.946,-16.639323
2619.350098,23.41,3511100000,2717.8935,-18.657753
2667.570068,20.33,3706350000,2711.3105,-23.690452
