Date,VIX Open,S&P Open,S&P Volume,S&P 20 day moving avrg,S&P MACD,S&P MACD EMA,S&P divergence
3/28/2013,12.91,1562.859985,3304440000,1550.829,0.505755,0.505755,0
4/1/2013,13.46,1569.180054,2753110000,1553.0275,0.336238,0.471852,-0.135613
4/2/2013,13.11,1562.170044,3312160000,1555.28,0.844152,0.546312,0.297841
4/3/2013,12.65,1570.25,4060610000,1555.975,-0.088555,0.419339,-0.507893
4/4/2013,14.1,1553.689941,3350670000,1556.901,-0.316532,0.272164,-0.588697
4/5/2013,15.64,1559.97998,3515410000,1557.352,-1.026013,0.012529,-1.038542
4/8/2013,14.04,1553.26001,2887120000,1557.9465,-0.789213,-0.14782,-0.641394
4/9/2013,13.11,1563.109985,3252780000,1558.566,-0.152755,-0.148807,-0.003948
4/10/2013,12.66,1568.609985,3453350000,1560.3285,1.872878,0.25553,1.617348
4/11/2013,12.55,1587.72998,3393950000,1562.271,3.888483,0.982121,2.906362
4/12/2013,12.61,1593.300049,3206290000,1563.552,5.062778,1.798252,3.264526
4/15/2013,13.12,1588.839966,4660130000,1563.135,3.014231,2.041448,0.972783
4/16/2013,14.72,1552.359985,3654700000,1564.2585,3.146632,2.262485,0.884147
4/17/2013,15.35,1574.569946,4250310000,1564.442,1.414847,2.092957,-0.67811
4/18/2013,16.34,1552.030029,3890800000,1563.587,-0.787717,1.516822,-2.304539
4/19/2013,16.67,1541.609985,3569870000,1564.0595,-1.416305,0.930197,-2.346502
4/22/2013,15.08,1555.25,2979880000,1564.34,-1.3143,0.481297,-1.795598
4/23/2013,13.81,1562.5,3565150000,1565.6945,0.079285,0.400895,-0.32161
4/24/2013,13.57,1578.780029,3598240000,1566.4455,1.171019,0.55492,0.616099
4/25/2013,13.61,1578.930054,3908580000,1567.561,2.52117,0.94817,1.573
4/26/2013,13.94,1585.160034,3198620000,1568.2135,3.317315,1.421999,1.895316
4/29/2013,13.72,1582.339966,2891200000,1569.7855,4.810279,2.099655,2.710624
4/30/2013,13.71,1593.579956,3745070000,1571.1515,6.24106,2.927936,3.313124
5/1/2013,13.88,1597.550049,3530320000,1572.602,6.104708,3.56329,2.541418
5/2/2013,14.48,1582.77002,3366950000,1574.4825,7.116117,4.273856,2.842261
5/3/2013,12.92,1597.599976,3603910000,1577.5395,9.17,5.253084,3.916915
5/6/2013,13.06,1614.400024,3062240000,1580.261,10.920364,6.38654,4.533823
5/7/2013,12.63,1617.550049,3309580000,1583.1285,12.842155,7.677663,5.164492
5/8/2013,12.87,1625.949951,3554700000,1585.3765,14.738348,9.0898,5.648548
5/9/2013,12.91,1632.689941,3457400000,1587.0415,15.575784,10.386997,5.188787
5/10/2013,13.08,1626.689941,3086470000,1589.284,16.61519,11.632636,4.982554
5/13/2013,12.57,1632.099976,2910600000,1593.3545,17.245777,12.755264,4.490513
5/14/2013,12.61,1633.75,3457790000,1597.143,18.865117,13.977234,4.887882
5/15/2013,12.98,1649.130005,3657440000,1602.4815,20.592119,15.300211,5.291908
5/16/2013,13.07,1658.069946,3513130000,1607.9245,21.04761,16.449691,4.597919
5/17/2013,12.73,1652.449951,3440710000,1613.5355,22.520743,17.663902,4.856841
5/20/2013,13.28,1665.709961,3275080000,1618.725,23.324129,18.795947,4.528182
5/21/2013,13.08,1666.199951,3513560000,1623.244,23.916706,19.820099,4.096607
5/22/2013,13.45,1669.390015,4361020000,1627.072,23.006769,20.457433,2.549336
5/23/2013,14.94,1651.619995,3945510000,1630.3395,21.645572,20.695061,0.950512
5/24/2013,14.59,1646.670044,2758080000,1633.7075,20.259842,20.608017,-0.348175
5/28/2013,13.67,1652.630005,3457400000,1637.03,19.777691,20.441952,-0.664261
5/29/2013,15.3,1656.569946,3587140000,1639.5695,18.241217,20.001805,-1.760588
5/30/2013,14.9,1649.140015,3498620000,1643.155,17.312171,19.463878,-2.151707
5/31/2013,15.02,1652.130005,4099600000,1644.8125,14.498791,18.47086,-3.97207
6/3/2013,16.4,1631.709961,3952070000,1646.1125,12.901541,17.356997,-4.455456
6/4/2013,16.16,1640.72998,3653840000,1646.8065,10.781968,16.041991,-5.260022
6/5/2013,16.86,1629.050049,3632350000,1645.9535,7.205187,14.27463,-7.069443
6/6/2013,17.7,1609.290039,3547380000,1645.447,5.410442,12.501792,-7.091351
6/7/2013,15.9,1625.27002,3371990000,1646.2825,5.6035,11.122134,-5.518634
6/10/2013,15.16,1644.670044,2978730000,1646.738,5.645428,10.026793,-4.381365
6/11/2013,16.91,1638.640015,3435710000,1646.356,4.283344,8.878103,-4.594759
6/12/2013,16.51,1629.939941,3202550000,1644.465,2.081674,7.518817,-5.437144
6/13/2013,18.38,1612.150024,3378620000,1643.344,2.234762,6.462006,-4.227244
6/14/2013,16.63,1635.52002,2939400000,1642.157,1.56103,5.481811,-3.920781
6/17/2013,16.53,1630.640015,3137080000,1640.7355,1.997382,4.784925,-2.787543
6/18/2013,16.81,1639.77002,3120980000,1640.0115,3.335181,4.494976,-1.159795
6/19/2013,16.89,1651.829956,3545060000,1638,2.520121,4.100005,-1.579884
6/20/2013,18.4,1624.619995,4858850000,1634.642,-1.397093,3.000585,-4.397678
6/21/2013,18.97,1588.619995,5797280000,1631.738,-4.11198,1.578072,-5.690053
6/24/2013,20.87,1588.77002,4733660000,1627.9125,-7.73496,-0.284534,-7.450426
6/25/2013,18.65,1577.52002,3761170000,1624.311,-9.293535,-2.086334,-7.207201
6/26/2013,17.23,1592.27002,3558340000,1622.056,-9.193803,-3.507828,-5.685975
6/27/2013,16.6,1606.439941,3364540000,1619.9955,-8.217957,-4.449854,-3.768104
6/28/2013,17.25,1611.119995,4977190000,1618.7725,-7.911777,-5.142239,-2.769539
7/1/2013,16.9,1609.780029,3104690000,1617.4995,-6.889308,-5.491652,-1.397656
7/2/2013,16.49,1614.290039,3317130000,1616.6345,-6.079917,-5.609305,-0.470612
7/3/2013,17.22,1611.47998,1966050000,1616.96,-5.270395,-5.541523,0.271128
7/5/2013,15.59,1618.650024,2634140000,1617.4265,-3.261449,-5.085509,1.824059
7/8/2013,14.66,1634.199951,3514590000,1617.2805,-0.966674,-4.261742,3.295068
7/9/2013,14.33,1642.890015,3155360000,1617.756,1.78834,-3.051725,4.840065
7/10/2013,14.46,1651.560059,3011010000,1619.0805,3.950378,-1.651305,5.601682
7/11/2013,13.57,1657.410034,3446340000,1622.2055,7.386158,0.156188,7.22997
7/12/2013,13.9,1675.26001,3039070000,1624.397,10.406258,2.206202,8.200056
7/15/2013,13.98,1679.589966,2623200000,1627.1855,12.838117,4.332585,8.505532
7/16/2013,13.78,1682.699951,3081710000,1629.0465,14.099338,6.285936,7.813403
7/17/2013,14.2,1677.910034,3153440000,1630.5015,15.297738,8.088296,7.209442
7/18/2013,13.63,1681.050049,3452370000,1633.5235,16.737195,9.818076,6.919119
7/19/2013,13.89,1686.150024,3302580000,1638.7185,17.891217,11.432704,6.458513
7/22/2013,13.23,1694.410034,2779130000,1643.8735,18.865892,12.919342,5.946551
7/23/2013,12.15,1696.630005,3096180000,1649.8385,19.164047,14.168283,4.995764
7/24/2013,12.69,1696.060059,3336120000,1654.734,18.66472,15.06757,3.59715
7/25/2013,13.47,1685.209961,3322500000,1659.0835,18.404624,15.734981,2.669643
7/26/2013,13.41,1687.310059,2762770000,1663.006,18.102786,16.208542,1.894244
7/29/2013,13.54,1690.319946,2840520000,1666.9585,17.155845,16.398003,0.757842
7/30/2013,13.45,1687.920044,3320530000,1670.5085,16.268688,16.37214,-0.103452
7/31/2013,13.55,1687.76001,3847390000,1674.091,15.369875,16.171687,-0.801811
8/1/2013,12.89,1689.420044,3775170000,1678.664,16.176904,16.17273,0.004174
8/2/2013,12.66,1706.099976,3136630000,1682.553,16.848202,16.307825,0.540377
8/5/2013,12.29,1708.01001,2529300000,1685.887,16.980321,16.442324,0.537997
8/6/2013,12.19,1705.790039,3141210000,1688.1395,16.110952,16.37605,-0.265097
8/7/2013,13.17,1695.300049,3010230000,1690.054,14.730895,16.047019,-1.316124
8/8/2013,12.5,1693.349976,3271660000,1691.177,14.005882,15.638791,-1.632909
8/9/2013,12.88,1696.099976,2957670000,1691.7385,12.794823,15.069998,-2.275175
8/12/2013,13.52,1688.369995,2789160000,1692.087,11.544621,14.364922,-2.820301
8/13/2013,12.86,1690.650024,3035560000,1692.982,10.807687,13.653475,-2.845788
8/14/2013,12.48,1693.880005,2871430000,1693.206,9.407551,12.80429,-3.396739
8/15/2013,14.14,1679.609985,3426690000,1691.8035,6.283256,11.500084,-5.216827
8/16/2013,14.56,1661.219971,3211450000,1689.9905,3.325894,9.865246,-6.539352
8/19/2013,14.94,1655.25,2904530000,1687.517,0.191597,7.930516,-7.738919
8/20/2013,15.22,1646.810059,2994090000,1685.515,-1.764466,5.99152,-7.755985
8/21/2013,16,1650.660034,2932180000,1683.358,-4.038709,3.985474,-8.024183
8/22/2013,15.26,1645.030029,2537460000,1681.6935,-4.644926,2.259394,-6.90432
8/23/2013,14.29,1659.920044,2582670000,1680.286,-4.545239,0.898467,-5.443706
8/26/2013,14.37,1664.290039,2430670000,1678.8585,-4.951407,-0.271507,-4.6799
8/27/2013,16.56,1652.540039,3219190000,1676.0845,-7.31121,-1.679448,-5.631762
8/28/2013,16.96,1630.25,2784010000,1673.546,-8.71936,-3.08743,-5.63193
8/29/2013,16.79,1633.5,2527550000,1670.111,-9.467178,-4.36338,-5.103798
8/30/2013,16.75,1638.890015,2734300000,1666.276,-10.360002,-5.562704,-4.797297
9/3/2013,16.47,1635.949951,3731610000,1662.9075,-10.398995,-6.529962,-3.869032
9/4/2013,16.88,1640.719971,3312150000,1660.693,-9.249271,-7.073824,-2.175447
9/5/2013,16.12,1653.280029,2957110000,1658.9015,-8.083542,-7.275768,-0.807774
9/6/2013,15.35,1657.439941,3123880000,1656.786,-7.070921,-7.234798,0.163877
9/9/2013,15.86,1656.849976,3102780000,1655.8005,-4.877547,-6.763348,1.885801
9/10/2013,14.89,1675.109985,3691800000,1655.5265,-2.123906,-5.83546,3.711554
9/11/2013,14.74,1681.040039,3135460000,1655.275,0.467737,-4.57482,5.042558
9/12/2013,13.93,1689.209961,3106290000,1655.1765,2.037399,-3.252377,5.289775
9/13/2013,14.27,1685.040039,2736500000,1656.51,3.60853,-1.880195,5.488726
9/16/2013,14.1,1691.699951,3079800000,1658.5985,5.564961,-0.391164,5.956125
9/17/2013,14.44,1697.72998,2774240000,1661.5335,7.605527,1.208174,6.397352
9/18/2013,14.68,1705.73999,3989760000,1665.192,10.773656,3.12127,7.652385
9/19/2013,13.02,1727.339966,3740130000,1669.169,12.879357,5.072888,7.806469
9/20/2013,13.3,1722.439941,5074030000,1671.8165,13.390782,6.736467,6.654315
9/23/2013,14.04,1711.439941,3126950000,1673.7335,12.995109,7.988195,5.006914
9/24/2013,14.17,1702.599976,3268930000,1675.7655,12.184424,8.827441,3.356983
9/25/2013,14.24,1698.02002,3148730000,1678.88,11.039478,9.269848,1.76963
9/26/2013,13.8,1694.050049,2813930000,1682.0655,10.48729,9.513337,0.973953
9/27/2013,14.62,1695.52002,2951700000,1684.7445,9.383128,9.487295,-0.104167
9/30/2013,17.49,1687.26001,3308630000,1687.1735,7.597438,9.109323,-1.511886
10/1/2013,16.31,1682.410034,3238690000,1689.935,7.184747,8.724408,-1.539661
10/2/2013,16.4,1691.900024,3148600000,1691.9745,6.689394,8.317405,-1.628011
10/3/2013,16.63,1692.349976,3279650000,1693.1535,5.011731,7.65627,-2.644539
10/4/2013,17.72,1678.790039,2880270000,1694.92,4.58471,7.041958,-2.457248
10/7/2013,18.76,1687.150024,2678490000,1695.1405,3.05078,6.243723,-3.192943
10/8/2013,19.01,1676.219971,3569230000,1693.7135,0.165327,5.028044,-4.862716
10/9/2013,20.19,1656.98999,3577840000,1692.077,-2.021456,3.618144,-5.639599
10/10/2013,17.66,1660.880005,3362300000,1692.534,-0.827152,2.729085,-3.556237
10/11/2013,16.31,1691.089966,2944670000,1693.2945,0.966757,2.376619,-1.409862
10/14/2013,17.08,1699.859985,2580580000,1693.9215,2.914842,2.484264,0.430578
10/15/2013,16.41,1709.170044,3327740000,1693.5865,3.444255,2.676262,0.767993
10/16/2013,17.14,1700.48999,3486180000,1693.3875,5.692836,3.279577,2.413259
10/17/2013,14.52,1720.170044,3453590000,1693.928,8.315822,4.286826,4.028996
10/18/2013,12.86,1736.719971,3664890000,1695.6575,11.181514,5.665764,5.515751
10/21/2013,13.34,1745.199951,3052710000,1697.7985,13.312054,7.195022,6.117032
10/22/2013,12.99,1746.47998,3850840000,1700.661,15.628094,8.881636,6.746458
10/23/2013,13.71,1752.27002,3713380000,1703.3415,16.603247,10.425958,6.177289
10/24/2013,13.5,1747.47998,3671700000,1706.0115,17.631948,11.867156,5.764792
10/25/2013,13.16,1756.01001,3175720000,1709.4125,18.851221,13.263969,5.587252
10/28/2013,13.62,1759.420044,3282300000,1713.4405,19.77833,14.566841,5.211489
10/29/2013,13.25,1762.930054,3358460000,1717.288,21.064261,15.866325,5.197936
10/30/2013,13.72,1772.27002,3523040000,1720.76,21.142477,16.921556,4.220922
10/31/2013,13.83,1763.23999,3826530000,1724.654,20.422761,17.621797,2.800964
11/1/2013,13.46,1758.699951,3686290000,1728.211,20.03298,18.104033,1.928947
11/4/2013,13.35,1763.400024,3194870000,1732.8015,20.001067,18.48344,1.517627
11/5/2013,13.22,1765.670044,3516680000,1738.1775,19.352462,18.657244,0.695217
11/6/2013,13.01,1765,3322100000,1743.882,19.22364,18.770524,0.453117
11/7/2013,12.99,1770.73999,4143200000,1746.6115,17.041759,18.424771,-1.383012
11/8/2013,13.76,1748.369995,3837170000,1749.982,17.009552,18.141727,-1.132175
11/11/2013,12.85,1769.959961,2534060000,1753.0695,16.892586,17.891899,-0.999312
11/12/2013,12.8,1769.51001,3221030000,1756.551,16.273396,17.568198,-1.294803
11/13/2013,13.35,1764.369995,3327480000,1759.574,16.744361,17.403431,-0.659069
11/14/2013,12.8,1782.75,3139060000,1762.4475,17.610168,17.444778,0.16539
11/15/2013,12.12,1790.660034,3254820000,1765.1315,18.690898,17.694002,0.996896
11/18/2013,12.41,1798.819946,3168520000,1767.475,18.794137,17.914029,0.880108
11/19/2013,13.03,1790.790039,3224450000,1769.135,18.368879,18.004999,0.36388
11/20/2013,13.56,1789.589966,3109140000,1770.8845,17.307849,17.865569,-0.55772
11/21/2013,13.09,1783.52002,3256630000,1773.0735,17.434417,17.779339,-0.344922
11/22/2013,12.69,1797.209961,3055140000,1775.323,18.045666,17.832604,0.213062
11/25/2013,12.55,1806.329956,2998540000,1777.3415,18.137036,17.893491,0.243546
11/26/2013,12.84,1802.869995,3427120000,1778.8815,18.023471,17.919487,0.103984
11/27/2013,12.81,1803.47998,2613590000,1781.0775,18.086479,17.952885,0.133594
11/29/2013,13.06,1808.689941,1598300000,1783.541,17.816454,17.925599,-0.109145
12/2/2013,13.91,1806.550049,3095430000,1785.504,17.010178,17.742515,-0.732337
12/3/2013,14.74,1800.099976,3475680000,1786.865,15.725943,17.339201,-1.613257
12/4/2013,15.03,1793.150024,3610540000,1788.357,14.353897,16.74214,-2.388243
12/5/2013,14.82,1792.819946,3336880000,1789.084,12.494727,15.892657,-3.39793
12/6/2013,13.97,1788.359985,3150030000,1791.981,12.495951,15.213316,-2.717365
12/9/2013,13.97,1806.209961,3129500000,1793.869,12.616158,14.693884,-2.077726
12/10/2013,14.14,1807.599976,3117150000,1795.4055,12.107874,14.176682,-2.068808
12/11/2013,13.98,1802.76001,3472240000,1796.132,9.944314,13.330209,-3.385895
12/12/2013,15.44,1781.709961,3306640000,1795.807,7.599823,12.184132,-4.584308
12/13/2013,15.17,1777.97998,3061070000,1795.042,5.662005,10.879706,-5.217701
12/16/2013,15.64,1777.47998,3209890000,1794.46,4.97429,9.698623,-4.724333
12/17/2013,16.04,1786.469971,3270030000,1793.9335,3.936857,8.54627,-4.609413
12/18/2013,15.95,1781.459961,4327770000,1795.0725,5.444431,7.925902,-2.481471
12/19/2013,13.59,1809,3497210000,1796.484,6.479774,7.636676,-1.156903
12/20/2013,13.61,1810.390015,5097700000,1797.6075,7.912708,7.691883,0.220826
12/23/2013,13.37,1822.920044,2851540000,1798.769,9.716601,8.096826,1.619774
12/24/2013,12.85,1828.02002,1307630000,1800.311,11.444361,8.766333,2.678028
12/26/2013,12.48,1834.959961,1982270000,1802.2745,13.361617,9.68539,3.676227
12/27/2013,12.21,1842.969971,2052920000,1803.983,14.662013,10.680715,3.981298
12/30/2013,12.87,1841.469971,2293860000,1805.746,15.487428,11.642057,3.845371
12/31/2013,13.43,1842.609985,2312840000,1808.119,16.539164,12.621479,3.917686
1/2/2014,14.32,1845.859985,3080600000,1809.9605,15.868027,13.270788,2.597239
1/3/2014,14.06,1833.209961,2774270000,1811.8885,15.112714,13.639173,1.473541
1/6/2014,13.41,1832.310059,3294850000,1813.9755,13.981768,13.707692,0.274076
1/7/2014,12.38,1828.709961,3511750000,1815.615,13.822631,13.73068,0.091951
1/8/2014,13.04,1837.900024,3652140000,1817.071,13.509317,13.686408,-0.17709
1/9/2014,12.83,1839,3581150000,1818.8465,13.160945,13.581315,-0.42037
1/10/2014,12.6,1840.060059,3335710000,1821.854,13.076255,13.480303,-0.404048
1/13/2014,12.18,1841.26001,3591350000,1824.039,11.012567,12.986756,-1.974189
1/14/2014,12.89,1821.359985,3353270000,1827.217,10.840132,12.557431,-1.717299
1/15/2014,12.15,1840.52002,3777800000,1830.309,11.339334,12.313812,-0.974478
1/16/2014,12.32,1847.98999,3491310000,1833.5535,11.402591,12.131567,-0.728977
1/17/2014,12.34,1844.22998,3626120000,1834.956,10.748646,11.854983,-1.106337
1/21/2014,12.63,1841.050049,3782470000,1836.666,10.520641,11.588115,-1.067473
1/22/2014,12.57,1844.709961,3374170000,1837.993,10.306671,11.331826,-1.025155
1/23/2014,13.67,1842.290039,3972250000,1838.0165,8.713313,10.808123,-2.09481
1/24/2014,14.95,1826.959961,4618450000,1835.865,4.320758,9.51065,-5.189892
1/27/2014,17.29,1791.030029,4045200000,1832.842,0.133648,7.63525,-7.501602
1/28/2014,17.27,1783,3437830000,1830.397,-2.275667,5.653067,-7.928734
1/29/2014,17.95,1790.150024,3964020000,1827.0535,-5.597203,3.403013,-9.000216
1/30/2014,16.37,1777.170044,3547510000,1824.345,-6.541117,1.414187,-7.955303
1/31/2014,18.71,1790.880005,4059690000,1821.8755,-8.131463,-0.494943,-7.63652
2/3/2014,18.57,1782.680054,4726040000,1817.4015,-12.531519,-2.902258,-9.62926
2/4/2014,19.99,1743.819946,4068410000,1813.823,-14.77428,-5.276663,-9.497617
2/5/2014,19.59,1753.380005,3984290000,1809.511,-16.64705,-7.55074,-9.09631
2/6/2014,19.09,1752.98999,3825410000,1806.308,-16.186376,-9.277867,-6.908509
2/7/2014,16.15,1776.01001,3775990000,1804.2525,-13.759166,-10.174127,-3.585039
2/10/2014,15.63,1796.199951,3312160000,1802.126,-11.475749,-10.434451,-1.041297
2/11/2014,15.29,1800.449951,3699380000,1802.1535,-7.967707,-9.941103,1.973396
2/12/2014,14.31,1820.119995,3326380000,1801.1725,-5.167529,-8.986388,3.818859
2/13/2014,15.24,1814.819946,3289510000,1800.245,-2.071577,-7.603426,5.531848
2/14/2014,14.21,1828.459961,3114750000,1799.882,1.079628,-5.866815,6.946443
2/18/2014,13.95,1839.030029,3421110000,1799.985,3.706132,-3.952226,7.658357
2/19/2014,14.85,1838.900024,3661570000,1799.2325,4.763636,-2.209053,6.972689
2/20/2014,15.28,1829.23999,3404980000,1798.9785,6.417765,-0.48369,6.901455
2/21/2014,14.74,1841.069946,3403880000,1799.368,7.359002,1.084849,6.274154
2/24/2014,14.83,1836.780029,4014530000,1802.234,8.918786,2.651636,6.26715
2/25/2014,14.17,1847.660034,3515560000,1805.412,9.840569,4.089423,5.751146
2/26/2014,13.83,1845.790039,3716730000,1808.045,10.45381,5.3623,5.09151
2/27/2014,14.56,1844.900024,3547460000,1812.0495,11.543458,6.598532,4.944926
2/28/2014,14.22,1855.119995,3917450000,1815.3125,12.677244,7.814274,4.86297
3/3/2014,16.47,1857.680054,3428220000,1818.4695,12.326596,8.716739,3.609857
3/4/2014,14.53,1849.22998,3765770000,1825.0705,14.159375,9.805266,4.354109
3/5/2014,14.13,1874.050049,3392990000,1831.001,15.425975,10.929408,4.496567
3/6/2014,13.82,1874.180054,3360450000,1837.2705,16.499397,12.043405,4.455991
3/7/2014,13.51,1878.52002,3564740000,1842.501,17.232939,13.081312,4.151627
3/10/2014,14.76,1877.859985,3021350000,1846.5085,17.541864,13.973422,3.568441
3/11/2014,14.22,1878.26001,3392400000,1849.898,16.822966,14.543331,2.279634
3/12/2014,15.37,1866.150024,3270860000,1852.3205,16.113482,14.857361,1.25612
3/13/2014,14.28,1869.060059,3670990000,1853.6745,13.630171,14.611923,-0.981752
3/14/2014,16.74,1845.069946,3285460000,1854.2395,11.113615,13.912262,-2.798646
3/17/2014,16.39,1842.810059,2860490000,1855.2495,10.42727,13.215263,-2.787993
3/18/2014,15.42,1858.920044,2930190000,1856.824,10.841247,12.74046,-1.899213
3/19/2014,14.56,1872.25,3289210000,1858.425,10.126257,12.217619,-2.091362
3/20/2014,15.58,1860.089966,3327540000,1860.0365,10.347319,11.843559,-1.49624
3/21/2014,13.96,1874.530029,5270710000,1861.55,9.964649,11.467777,-1.503128
3/24/2014,14.7,1867.670044,3409000000,1862.0415,8.826949,10.939612,-2.112663
3/25/2014,14.16,1859.47998,3200560000,1863.0665,8.487532,10.449196,-1.961664
3/26/2014,13.64,1867.089966,3480850000,1863.4365,7.083059,9.775968,-2.692909
3/27/2014,15,1852.109985,3733430000,1863.174,5.621173,8.945009,-3.323837
3/28/2014,14.15,1850.069946,2955520000,1863.0825,5.096206,8.175249,-3.079043
3/31/2014,13.88,1859.160034,3274300000,1864.413,5.801075,7.700414,-1.899339
4/1/2014,13.43,1873.959961,3336190000,1864.9935,7.33861,7.628053,-0.289443
4/2/2014,13.17,1886.609985,3131660000,1865.848,8.888775,7.880197,1.008577
4/3/2014,13.02,1891.430054,3055600000,1866.435,9.83208,8.270574,1.561506
4/4/2014,12.88,1890.25,3583750000,1865.7875,8.570087,8.330477,0.239611
4/7/2014,14.96,1863.920044,3801540000,1864.181,5.884252,7.841232,-1.95698
4/8/2014,15.59,1845.47998,3721450000,1863.3975,4.26493,7.125971,-2.861041
4/9/2014,14.58,1852.640015,3308650000,1863.5965,4.560619,6.612901,-2.052282
4/10/2014,13.98,1872.280029,3758780000,1862.9335,1.621223,5.614565,-3.993342
4/11/2014,16.66,1830.650024,3743460000,1861.6615,-2.087434,4.074166,-6.1616
4/14/2014,16.14,1818.180054,3111540000,1860.2505,-3.779089,2.503515,-6.282604
4/15/2014,16.14,1831.449951,3736440000,1858.787,-4.074613,1.187889,-5.262502
4/16/2014,14.89,1846.01001,3155080000,1858.864,-2.717721,0.406767,-3.124488
4/17/2014,14.09,1861.72998,3341430000,1858.506,-1.421036,0.041207,-1.462242
4/21/2014,14.1,1865.790039,2642500000,1858.7745,0.172675,0.0675,0.105175
4/22/2014,13.13,1872.569946,3215440000,1859.88,2.030395,0.460079,1.570316
4/23/2014,13.35,1879.319946,3085720000,1860.3685,3.130884,0.99424,2.136644
4/24/2014,13.36,1881.969971,3191830000,1861.671,4.214276,1.638247,2.576029
4/25/2014,13.93,1877.719971,3213020000,1862.389,3.801729,2.070944,1.730785
4/28/2014,14.27,1865,4034680000,1862.9795,3.916209,2.439997,1.476212
4/29/2014,13.88,1870.780029,3647820000,1863.279,4.671244,2.886246,1.784998
4/30/2014,14.05,1877.099976,3779230000,1863.2005,5.657881,3.440573,2.217308
5/1/2014,13.64,1884.390015,3416740000,1862.8395,6.344872,4.021433,2.323439
5/2/2014,13.15,1885.300049,3159560000,1862.458,6.608185,4.538783,2.069401
5/5/2014,13.95,1879.449951,2733730000,1863.4365,7.019975,5.035022,1.984953
5/6/2014,13.65,1883.689941,3327260000,1864.5705,5.911264,5.21027,0.700994
5/7/2014,13.64,1868.530029,3632950000,1865.883,5.81206,5.330628,0.481432
5/8/2014,13.69,1877.390015,3393420000,1866.0555,5.462289,5.35696,0.105329
5/9/2014,13.55,1875.27002,3025020000,1868.3255,5.353355,5.356239,-0.002884
5/12/2014,12.46,1880.030029,3005740000,1872.3735,6.656459,5.616283,1.040176
5/13/2014,12.36,1896.75,2915680000,1875.7155,7.665371,6.026101,1.63927
5/14/2014,12.42,1897.130005,2822060000,1877.993,7.656907,6.352262,1.304645
5/15/2014,12.73,1888.160034,3552640000,1878.42,6.152647,6.312339,-0.159692
5/16/2014,13.31,1871.189941,3173650000,1879.0705,5.463182,6.142508,-0.679325
5/19/2014,13.17,1876.660034,2664250000,1879.73,5.436699,6.001346,-0.564647
5/20/2014,12.69,1884.880005,3007700000,1879.394,4.376786,5.676434,-1.299648
5/21/2014,12.38,1873.339966,2777140000,1880.026,4.709027,5.482953,-0.773925
5/22/2014,11.93,1888.189941,2759800000,1880.72,5.27145,5.440652,-0.169202
5/23/2014,11.96,1893.319946,2396280000,1882.5765,6.293388,5.611199,0.682189
5/27/2014,11.69,1902.01001,2911020000,1884.7005,7.930138,6.074987,1.855151
5/28/2014,11.6,1911.77002,2976450000,1886.273,8.952207,6.650431,2.301776
5/29/2014,11.58,1910.599976,2709050000,1888.077,10.468616,7.414068,3.054548
5/30/2014,11.66,1920.329956,3263490000,1890.0715,11.81978,8.29521,3.524569
6/2/2014,11.69,1923.869995,2509020000,1892.263,12.855366,9.207241,3.648124
6/3/2014,12.03,1923.069946,2867180000,1894.242,13.461989,10.058191,3.403798
6/4/2014,12.15,1923.060059,2793920000,1897.25,14.074221,10.861397,3.212824
6/5/2014,12.09,1928.52002,3113270000,1900.3625,15.397033,11.768524,3.628509
6/6/2014,11.32,1942.410034,2864300000,1904.053,16.974312,12.809682,4.16463
6/9/2014,11.23,1948.969971,2812180000,1907.6925,18.162616,13.880268,4.282347
6/10/2014,11.3,1950.339966,2702360000,1910.3995,18.848351,14.873885,3.974466
6/11/2014,11.42,1949.369995,2710620000,1912.7215,18.620384,15.623185,2.9972
6/12/2014,11.81,1943.349976,3040480000,1914.8005,17.130321,15.924612,1.205709
6/13/2014,12.45,1930.800049,2598230000,1918.066,16.250296,15.989749,0.260547
6/16/2014,12.65,1934.839966,2926130000,1921.062,15.50486,15.892771,-0.387911
6/17/2014,12.81,1937.150024,2971260000,1923.9075,15.079976,15.730212,-0.650236
6/18/2014,11.8,1942.72998,3065220000,1928.115,15.771021,15.738374,0.032647
6/19/2014,10.53,1957.5,2952150000,1931.6875,16.332142,15.857127,0.475015
6/20/2014,10.4,1960.449951,4336240000,1935.2065,16.856073,16.056916,0.799156
6/23/2014,11.26,1962.920044,2717630000,1938.3105,17.053727,16.256279,0.797448
6/24/2014,11.02,1961.969971,3089700000,1940.214,16.006718,16.206366,-0.199648
6/25/2014,12.31,1949.27002,3106710000,1942.7015,15.765823,16.118258,-0.352435
6/26/2014,11.51,1959.890015,2778840000,1944.561,15.213147,15.937236,-0.724089
6/27/2014,11.72,1956.560059,4290590000,1946.4305,14.905116,15.730812,-0.825695
6/30/2014,11.75,1960.790039,3037350000,1948.1935,14.435689,15.471787,-1.036098
7/1/2014,11.28,1962.290039,3188240000,1950.6475,14.947612,15.366952,-0.41934
7/2/2014,11.18,1973.060059,2851480000,1952.9845,15.282052,15.349972,-0.06792
7/3/2014,10.47,1975.880005,1998090000,1955.2335,16.233057,15.526589,0.706468
7/7/2014,11.15,1984.219971,2681260000,1956.644,16.171729,15.655617,0.516112
7/8/2014,11.72,1976.390015,3302430000,1957.266,14.827365,15.489967,-0.662602
7/9/2014,11.74,1965.099976,2858800000,1958.368,14.332636,15.2585,-0.925864
7/10/2014,13.22,1966.670044,3165690000,1959.4075,13.131551,14.833111,-1.70156
7/11/2014,12.5,1965.76001,2684630000,1961.2805,12.271424,14.320773,-2.049349
7/14/2014,11.6,1969.859985,2744920000,1963.3275,12.217918,13.900202,-1.682284
7/15/2014,11.53,1977.359985,3328740000,1965.1025,11.732032,13.466568,-1.734536
7/16/2014,10.81,1976.349976,3390950000,1967.0815,11.878965,13.149048,-1.270083
7/17/2014,11.35,1979.75,3381680000,1967.1385,9.988055,12.516849,-2.528794
7/18/2014,13.34,1961.540039,3106060000,1968.0755,9.996167,12.012713,-2.016545
7/21/2014,12.85,1976.930054,2611160000,1968.6135,9.522453,11.514661,-1.992208
7/22/2014,11.97,1975.650024,2890480000,1969.6595,9.832535,11.178236,-1.345701
7/23/2014,11.54,1985.319946,2869720000,1971.511,10.241032,10.990795,-0.749763
7/24/2014,11.43,1988.069946,3203530000,1972.9335,10.521751,10.896986,-0.375235
7/25/2014,12.03,1984.599976,2638960000,1973.9895,9.852779,10.688145,-0.835365
7/28/2014,12.93,1978.25,2803320000,1974.887,9.261844,10.402885,-1.141041
7/29/2014,12.35,1980.030029,3183300000,1975.373,7.978554,9.918019,-1.939464
7/30/2014,12.63,1973.209961,3448250000,1975.2105,6.891777,9.31277,-2.420994
7/31/2014,14.35,1965.140015,4193000000,1973.013,2.818754,8.013967,-5.195213
8/1/2014,16.67,1929.800049,3789660000,1969.9985,-0.844825,6.242209,-7.087033
8/4/2014,16.64,1926.619995,3072920000,1968.0655,-2.601477,4.473471,-7.074948
8/5/2014,15.54,1936.339966,3462520000,1965.8905,-5.446245,2.489528,-7.935773
8/6/2014,17.22,1917.290039,3539150000,1963.261,-7.610593,0.469504,-8.080097
8/7/2014,15.5,1923.030029,3230520000,1960.5055,-10.070744,-1.638546,-8.432199
8/8/2014,16.43,1910.349976,2902280000,1958.7065,-10.126866,-3.33621,-6.790657
8/11/2014,15.16,1933.430054,2784890000,1956.6975,-9.630245,-4.595017,-5.035229
8/12/2014,14.42,1935.72998,2611700000,1954.721,-9.384286,-5.552871,-3.831415
8/13/2014,13.57,1935.599976,2718020000,1952.9785,-8.049996,-6.052296,-1.9977
8/14/2014,13.05,1947.410034,2609460000,1952.8315,-6.238002,-6.089437,-0.148565
8/15/2014,11.91,1958.869995,3023380000,1951.6735,-4.756833,-5.822916,1.066083
8/18/2014,12.85,1958.359985,2638160000,1951.579,-2.211565,-5.100646,2.889081
8/19/2014,12.14,1972.72998,2656430000,1951.4825,0.594346,-3.961648,4.555993
8/20/2014,12.23,1980.459961,2579560000,1951.4575,3.177617,-2.533795,5.711411
8/21/2014,11.93,1986.819946,2638920000,1951.677,5.632799,-0.900476,6.533275
8/22/2014,11.88,1992.599976,2301860000,1952.18,7.175489,0.714717,6.460772
8/25/2014,11.58,1991.73999,2233880000,1953.1305,9.061807,2.384135,6.677672
8/26/2014,11.33,1998.589966,2451950000,1954.634,10.603944,4.028097,6.575847
8/27/2014,11.69,2000.540039,2344350000,1956.1365,11.699306,5.562339,6.136967
8/28/2014,12.38,1997.420044,2282400000,1959.44,12.154541,6.880779,5.273762
8/29/2014,11.86,1998.449951,2259130000,1963.351,12.901582,8.08494,4.816642
9/2/2014,12.32,2004.069946,2819980000,1966.5155,13.252892,9.11853,4.134362
9/3/2014,12.03,2003.569946,2809980000,1970.541,13.25266,9.945356,3.307304
9/4/2014,12.4,2001.670044,3072410000,1974.4115,12.856551,10.527595,2.328956
9/5/2014,12.37,1998,2818300000,1979.3185,13.202203,11.062517,2.139686
9/8/2014,12.64,2007.170044,2789090000,1982.816,12.830367,11.416087,1.41428
9/9/2014,12.7,2000.72998,2882830000,1985.392,11.347813,11.402432,-0.054619
9/10/2014,13.36,1988.410034,2912430000,1988.489,10.635295,11.249005,-0.613709
9/11/2014,13.53,1992.849976,2941690000,1991.0255,10.096254,11.018454,-0.9222
9/12/2014,12.85,1996.73999,3206570000,1992.5435,8.608786,10.536521,-1.927735
9/15/2014,13.54,1986.040039,2776530000,1993.997,7.232806,9.875778,-2.642972
9/16/2014,14.48,1981.930054,3160310000,1995.359,7.256949,9.352012,-2.095063
9/17/2014,13.06,1999.300049,3209420000,1996.3575,7.399774,8.961565,-1.56179
9/18/2014,12.55,2003.069946,3235340000,1997.6,8.208315,8.810915,-0.602599
9/19/2014,11.73,2012.73999,4880220000,1998.5015,8.671664,8.783065,-0.1114
9/22/2014,13.14,2009.079956,3349670000,1998.796,7.650736,8.556599,-0.905863
9/23/2014,14.82,1992.780029,3279350000,1998.0385,5.844702,8.014219,-2.169518
9/24/2014,14.62,1983.339966,3313850000,1997.9525,5.601971,7.53177,-1.929798
9/25/2014,14.11,1997.319946,3273050000,1996.246,2.770522,6.57952,-3.808998
9/26/2014,15.77,1966.219971,2929440000,1995.5515,1.865535,5.636723,-3.771189
9/29/2014,16.96,1978.959961,3094440000,1994.273,0.73239,4.655857,-3.923466
9/30/2014,15.49,1978.209961,3951100000,1992.7735,-0.603292,3.604027,-4.207319
10/1/2014,16.44,1971.439941,4188590000,1990.0455,-3.727335,2.137754,-5.86509
10/2/2014,16.7,1945.829956,4012510000,1987.4715,-6.131673,0.483869,-6.615542
10/3/2014,15.16,1948.119995,3560970000,1985.481,-6.21209,-0.855323,-5.356767
10/6/2014,14.46,1970.01001,3358220000,1983.645,-6.45,-1.974258,-4.475741
10/7/2014,16.18,1962.359985,3687870000,1980.978,-8.933718,-3.36615,-5.567568
10/8/2014,17.35,1935.550049,4441890000,1979.638,-8.082344,-4.309389,-3.772955
10/9/2014,15.64,1967.680054,4344020000,1976.176,-10.568334,-5.561178,-5.007156
10/10/2014,19.11,1925.630005,4550540000,1972.2055,-14.156979,-7.280338,-6.87664
10/13/2014,21.16,1905.650024,4352580000,1966.736,-19.311307,-9.686532,-9.624775
10/14/2014,23.77,1877.109985,4812010000,1960.672,-22.893401,-12.327906,-10.565495
10/15/2014,26.36,1874.180054,6090800000,1953.718,-26.652325,-15.19279,-11.459535
10/16/2014,29.26,1855.949951,5073150000,1946.288,-29.272082,-18.008648,-11.263434
10/17/2014,21.68,1864.910034,4482120000,1940.106,-29.076484,-20.222215,-8.854268
10/20/2014,22.11,1885.619995,3331210000,1935.592,-27.215812,-21.620935,-5.594878
10/21/2014,17.72,1909.380005,3987090000,1933.5175,-22.474765,-21.791701,-0.683064
10/22/2014,16.06,1941.290039,3761930000,1929.958,-19.634516,-21.360264,1.725748
10/23/2014,16.07,1931.02002,3789250000,1929.1995,-15.294099,-20.147031,4.852932
10/24/2014,16.43,1951.589966,3078380000,1928.286,-10.621532,-18.241931,7.620399
10/27/2014,17.24,1962.969971,3538860000,1927.4775,-7.074973,-16.008539,8.933566
10/28/2014,15.69,1964.140015,3653260000,1928.1155,-2.347442,-13.27632,10.928878
10/29/2014,14.61,1983.290039,3740350000,1929.9225,1.163843,-10.388287,11.55213
10/30/2014,15.31,1979.48999,3586150000,1932.3465,4.886772,-7.333276,12.220047
10/31/2014,13.84,2001.199951,4292290000,1934.854,9.614573,-3.943706,13.558279
11/3/2014,14.41,2018.209961,3555440000,1937.5035,13.189978,-0.516969,13.706947
11/4/2014,15.05,2015.810059,3956260000,1941.3535,15.385409,2.663506,12.721902
11/5/2014,14.15,2015.290039,3766590000,1944.0875,17.84513,5.699831,12.145299
11/6/2014,14.46,2023.329956,3669770000,1949.2375,20.178357,8.595536,11.58282
11/7/2014,13.71,2032.359985,3704280000,1955.527,21.833069,11.243043,10.590026
11/10/2014,13.16,2032.01001,3284940000,1963.703,23.386441,13.671722,9.714719
11/11/2014,12.71,2038.199951,2958320000,1971.802,24.450235,15.827425,8.62281
11/12/2014,13.76,2037.75,3246650000,1980.59,24.890982,17.640136,7.250846
11/13/2014,13.33,2039.209961,3455270000,1989.4185,25.038793,19.119868,5.918925
11/14/2014,13.79,2039.73999,3227130000,1997.0715,24.908345,20.277563,4.630782
11/17/2014,14.7,2038.290039,3152890000,2003.937,24.641944,21.150439,3.491505
11/18/2014,13.86,2041.47998,3416190000,2009.463,24.988418,21.918035,3.070383
11/19/2014,14.01,2051.159912,3390850000,2015.5435,24.729405,22.480309,2.249096
11/20/2014,14.66,2045.869995,3128290000,2020.64,24.566139,22.897475,1.668664
11/21/2014,13.16,2057.459961,3916420000,2025.586,25.015819,23.321144,1.694675
11/24/2014,12.92,2065.070068,3128060000,2030.975,25.554504,23.767816,1.786688
11/25/2014,12.55,2070.149902,3392940000,2035.074,25.495474,24.113347,1.382126
11/26/2014,12.27,2067.360107,2745260000,2039.6005,25.621357,24.414949,1.206407
11/28/2014,12.64,2074.780029,2504640000,2043.246,25.007602,24.53348,0.474123
12/1/2014,14.16,2065.780029,4159010000,2045.0155,23.115372,24.249858,-1.134486
12/2/2014,14.1,2053.77002,3686650000,2047.4525,22.415245,23.882936,-1.467691
12/3/2014,12.75,2067.449951,3612680000,2050.564,22.231894,23.552727,-1.320833
12/4/2014,12.7,2073.639893,3408340000,2052.9815,21.642638,23.170709,-1.528072
12/5/2014,12.08,2072.780029,3419620000,2055.1895,21.209544,22.778476,-1.568933
12/8/2014,13.05,2074.840088,3800990000,2056.609,19.427153,22.108212,-2.681059
12/9/2014,16.23,2056.550049,3970150000,2057.687,17.770213,21.240612,-3.470399
12/10/2014,15.56,2058.860107,4114440000,2057.01,13.582807,19.709051,-6.126244
12/11/2014,17.68,2027.920044,3917950000,2056.864,10.880392,17.943319,-7.062927
12/12/2014,20.51,2030.359985,4157650000,2055.014,6.006643,15.555984,-9.549341
12/15/2014,19.59,2005.030029,4361990000,2052.5045,1.106622,12.666111,-11.55949
12/16/2014,23.55,1986.709961,4958680000,2049.0755,-4.092388,9.314412,-13.406799
12/17/2014,23.9,1973.77002,4942370000,2047.13,-4.9162,6.468289,-11.384489
12/18/2014,17.14,2018.97998,4703380000,2047.7555,-1.649429,4.844746,-6.494175
12/19/2014,16.57,2061.040039,6465530000,2048.6505,1.680256,4.211848,-2.531592
12/22/2014,16.32,2069.280029,3369520000,2049.4025,4.899238,4.349326,0.549912
12/23/2014,14.47,2081.47998,3043950000,2050.0405,7.654973,5.010455,2.644517
12/24/2014,14.52,2083.25,1416980000,2050.783,9.703654,5.949095,3.754559
12/26/2014,14.6,2084.300049,1735230000,2051.58,11.747793,7.108835,4.638959
12/29/2014,16.04,2087.629883,2452360000,2052.7305,13.359038,8.358875,5.000163
12/30/2014,15.9,2088.48999,2440280000,2054.076,13.653899,9.41788,4.236019
12/31/2014,15.91,2082.110107,2606070000,2053.6935,12.018205,9.937945,2.08026
1/2/2015,17.76,2058.899902,2708700000,2052.887,10.543878,10.059132,0.484746
1/5/2015,19.19,2054.439941,3799120000,2050.32,6.267594,9.300824,-3.03323
1/6/2015,20.33,2022.150024,4460110000,2046.682,1.4123,7.723119,-6.310819
1/7/2015,20.15,2005.550049,3805480000,2044.9615,-0.549908,6.068514,-6.618422
1/8/2015,17.93,2030.609985,3934010000,2045.0775,0.809956,5.016802,-4.206846
1/9/2015,16.44,2063.449951,3364140000,2046.011,0.483696,4.110181,-3.626485
1/12/2015,18.02,2046.130005,3456460000,2045.6575,-1.097661,3.068613,-4.166273
1/13/2015,18.21,2031.579956,4107300000,2046.6925,-2.741314,1.906627,-4.647942
1/14/2015,22.87,2018.400024,4378680000,2047.7745,-4.935957,0.538111,-5.474067
1/15/2015,21.23,2013.75,4276720000,2048.771,-8.082916,-1.186095,-6.896822
1/16/2015,22.8,1992.25,4056410000,2049.0975,-8.322467,-2.613369,-5.709098
1/20/2015,20.07,2020.76001,3944340000,2047.1635,-8.16562,-3.723819,-4.4418
1/21/2015,20.92,2020.189941,3730070000,2045.237,-7.186259,-4.416307,-2.769952
1/22/2015,17.98,2034.300049,4176050000,2044.4675,-3.861732,-4.305392,0.443661
1/23/2015,16.79,2062.97998,3573560000,2042.95,-2.116854,-3.867685,1.75083
1/26/2015,16.96,2050.419922,3465760000,2041.7105,-0.305262,-3.1552,2.849938
1/27/2015,17.6,2047.859985,3329810000,2038.7495,-1.079368,-2.740034,1.660665
1/28/2015,16.97,2032.339966,4067530000,2034.329,-3.858518,-2.963731,-0.894788
1/29/2015,20.46,2002.449951,4127140000,2031.374,-4.469094,-3.264803,-1.204291
1/30/2015,20.23,2019.349976,4568650000,2028.1785,-6.991351,-4.010113,-2.981238
2/2/2015,20.89,1996.670044,4008330000,2026.311,-6.824898,-4.57307,-2.251828
2/3/2015,18.41,2022.709961,4615900000,2027.7835,-4.288961,-4.516248,0.227287
2/4/2015,17.82,2048.860107,4141920000,2029.7285,-2.932896,-4.199578,1.266681
2/5/2015,17.29,2043.449951,3821990000,2031.5595,-0.161018,-3.391866,3.230848
2/6/2015,16.29,2062.280029,4232970000,2031.226,1.450124,-2.423468,3.873592
2/9/2015,19.16,2053.469971,3549540000,2031.3225,1.999478,-1.538879,3.538357
2/10/2015,17.72,2049.379883,3669850000,2033.339,4.150118,-0.401079,4.551197
2/11/2015,17.43,2068.550049,3596860000,2035.614,5.783011,0.835739,4.947272
2/12/2015,16.39,2069.97998,3788350000,2039.4745,8.587893,2.386169,6.201723
2/13/2015,15.11,2088.780029,3527450000,2044.6905,11.366442,4.182224,7.184218
2/17/2015,15.86,2096.469971,3361750000,2048.7365,13.681073,6.081994,7.599079
2/18/2015,16.74,2099.159912,3370020000,2052.593,15.285971,7.922789,7.363182
2/19/2015,16.11,2099.25,3247100000,2055.8595,16.191279,9.576487,6.614792
2/20/2015,15.73,2097.649902,3281600000,2058.217,17.741121,11.209414,6.531707
2/23/2015,15.05,2109.830078,3093680000,2061.109,18.702152,12.707962,5.994191
2/24/2015,14.5,2109.100098,3199840000,2064.0285,19.706241,14.107617,5.598623
2/25/2015,13.64,2115.300049,3312340000,2068.244,20.139117,15.313917,4.825199
2/26/2015,13.55,2113.909912,3408690000,2073.673,19.99987,16.251108,3.748762
2/27/2015,14.07,2110.879883,3547380000,2077.8355,19.165077,16.833902,2.331175
3/2/2015,13.9,2105.22998,3409490000,2083.9555,19.320893,17.3313,1.989593
3/3/2015,13.35,2115.76001,3262300000,2088.302,18.456181,17.556276,0.899905
3/4/2015,14.31,2107.719971,3421110000,2090.727,16.830481,17.411117,-0.580636
3/5/2015,14.01,2098.540039,3103030000,2093.7035,15.565212,17.041936,-1.476724
3/6/2015,14.61,2100.909912,3853570000,2094.1405,12.020911,16.037731,-4.01682
3/9/2015,15.72,2072.25,3349090000,2095.3385,9.758784,14.781942,-5.023158
3/10/2015,16.47,2076.139893,3668900000,2095.2095,5.06169,12.837891,-7.776201
3/11/2015,16.44,2044.689941,3406570000,2093.792,1.011241,10.472561,-9.46132
3/12/2015,16.45,2041.099976,3405860000,2093.663,-0.122772,8.353495,-8.476266
3/13/2015,15.47,2064.560059,3498560000,2091.909,-2.010984,6.280599,-8.291583
3/16/2015,15.78,2055.350098,3295600000,2091.119,-1.250569,4.774365,-6.024934
3/17/2015,16.31,2080.590088,3221840000,2089.816,-1.191776,3.581137,-4.772913
3/18/2015,14.6,2072.840088,4128210000,2089.807,0.879721,3.040854,-2.161133
3/19/2015,14.68,2098.689941,3305220000,2089.398,1.676594,2.768002,-1.091408
3/20/2015,13.52,2090.320068,5554120000,2089.288,3.783927,2.971187,0.81274
3/23/2015,13.52,2107.98999,3267960000,2089.026,5.098288,3.396607,1.701681
3/24/2015,13.36,2103.939941,3189820000,2087.827,5.039303,3.725146,1.314157
3/25/2015,13.26,2093.100098,3521140000,2085.1865,2.506602,3.481438,-0.974836
3/26/2015,16.64,2059.939941,3510670000,2082.457,0.102843,2.805719,-2.702875
3/27/2015,15.73,2055.780029,3008550000,2080.283,-1.393125,1.96595,-3.359075
3/30/2015,14.76,2064.110107,2917690000,2078.7255,-0.537452,1.465269,-2.002722
3/31/2015,14.97,2084.050049,3376550000,2076.731,-1.324746,0.907266,-2.232013
4/1/2015,15.32,2067.629883,3543270000,2074.789,-2.580606,0.209692,-2.790298
4/2/2015,15.3,2060.030029,3095960000,2073.085,-2.95519,-0.423285,-2.531906
4/6/2015,15.75,2064.870117,3302970000,2073.553,-2.125304,-0.763689,-1.361616
4/7/2015,14.57,2080.790039,3065510000,2073.398,-1.793111,-0.969573,-0.823538
4/8/2015,14.59,2076.939941,3265330000,2075.285,-1.06808,-0.989274,-0.078806
4/9/2015,14.14,2081.290039,3172360000,2077.832,0.25242,-0.740935,0.993356
4/10/2015,13.2,2091.51001,3156200000,2079.6375,2.152044,-0.16234,2.314384
4/13/2015,13.17,2102.030029,2908420000,2081.589,2.847624,0.439653,2.407971
4/14/2015,14.34,2092.280029,3301270000,2082.3215,3.632165,1.078155,2.554009
4/15/2015,13.58,2097.820068,4013760000,2083.939,5.066182,1.875761,3.190421
4/16/2015,13.27,2105.959961,3434120000,2084.2135,6.001139,2.700836,3.300303
4/17/2015,13.97,2102.580078,3627600000,2083.809,4.765893,3.113848,1.652046
4/20/2015,13.67,2084.110107,3000160000,2083.424,5.277015,3.546481,1.730534
4/21/2015,12.75,2102.820068,3243410000,2083.0675,5.369239,3.911033,1.458206
4/22/2015,12.97,2098.27002,3348480000,2083.8905,6.231474,4.375121,1.856353
4/23/2015,12.96,2107.209961,3636670000,2086.4845,7.232468,4.94659,2.285877
4/24/2015,12.21,2112.800049,3375780000,2089.5615,8.314016,5.620076,2.69394
4/27/2015,12.34,2119.290039,3438750000,2091.9565,8.367035,6.169467,2.197567
4/28/2015,13.26,2108.350098,3546270000,2093.3825,8.779092,6.691392,2.0877
4/29/2015,13.44,2112.48999,4074970000,2095.3305,8.370885,7.027291,1.343594
4/30/2015,13.89,2105.52002,4509680000,2096.6215,6.253334,6.8725,-0.619166
5/1/2015,13.98,2087.379883,3379390000,2098.688,6.340229,6.766045,-0.425817
5/4/2015,13.12,2110.22998,3091580000,2100.3815,6.830643,6.778965,0.051678
5/5/2015,13.21,2112.629883,3793950000,2101.038,5.140333,6.451238,-1.310906
5/6/2015,13.93,2091.26001,3792210000,2100.9505,3.014758,5.763942,-2.749184
5/7/2015,15.48,2079.959961,3676640000,2100.7915,1.941277,4.999409,-3.058132
5/8/2015,13.36,2092.129883,3399440000,2101.4935,3.319703,4.663468,-1.343765
5/11/2015,13.35,2115.560059,2992670000,2102.1385,3.502689,4.431312,-0.928623
5/12/2015,14.73,2102.870117,3139520000,2102.3025,3.110754,4.167201,-1.056447
5/13/2015,13.63,2099.620117,3374260000,2101.895,2.717177,3.877196,-1.160019
5/14/2015,13.14,2100.429932,3225740000,2102.7005,4.182299,3.938217,0.244083
5/15/2015,12.46,2122.070068,3092080000,2104.778,5.412554,4.233084,1.17947
5/18/2015,13.08,2121.300049,2888190000,2106.218,6.830872,4.752642,2.07823
5/19/2015,12.95,2129.449951,3296030000,2107.745,7.754958,5.353105,2.401853
5/20/2015,12.9,2127.790039,3025880000,2108.6395,8.232632,5.92901,2.303622
5/21/2015,13.03,2125.550049,3070460000,2109.534,8.909527,6.525113,2.384413
5/22/2015,12.37,2130.360107,2571860000,2109.9525,8.958609,7.011813,1.946796
5/26/2015,13.45,2125.340088,3342130000,2109.7165,7.151153,7.039681,0.111473
5/27/2015,14.16,2105.129883,3127960000,2110.1525,7.191567,7.070058,0.121509
5/28/2015,13.49,2122.27002,2980350000,2110.8495,6.926688,7.041384,-0.114696
5/29/2015,13.59,2120.659912,3927390000,2111.9435,5.571279,6.747363,-1.176084
6/1/2015,13.92,2108.639893,3011710000,2112.1155,4.79207,6.356304,-1.564235
6/2/2015,14.72,2110.409912,3049350000,2111.871,3.957053,5.876454,-1.919401
6/3/2015,13.73,2110.639893,3099980000,2113.1015,3.614324,5.424028,-1.809704
6/4/2015,14.57,2112.350098,3200050000,2113.886,1.850371,4.709297,-2.858926
6/5/2015,15.01,2095.090088,3243690000,2114.1275,0.207155,3.808868,-3.601713
6/8/2015,14.84,2092.340088,2917150000,2112.2865,-2.163537,2.614387,-4.777925
6/9/2015,15.18,2079.070068,3034580000,2111.0275,-3.92686,1.306138,-5.232998
6/10/2015,14.24,2081.120117,3414320000,2111.3315,-3.265339,0.391842,-3.657182
6/11/2015,13.04,2106.23999,3128600000,2111.8505,-2.417876,-0.170101,-2.247775
6/12/2015,13.31,2107.429932,2719400000,2110.501,-2.902993,-0.71668,-2.186314
6/15/2015,15.48,2091.340088,3061570000,2108.586,-4.022182,-1.37778,-2.644402
6/16/2015,15.62,2084.26001,2919900000,2106.9405,-3.907106,-1.883645,-2.02346
6/17/2015,14.66,2097.399902,3222240000,2105.571,-3.441367,-2.19519,-1.246177
6/18/2015,14.03,2101.580078,3520360000,2105.3405,-1.377994,-2.031751,0.653756
6/19/2015,13.35,2121.060059,4449810000,2104.299,-0.643124,-1.754025,1.110901
6/22/2015,13.42,2112.5,3030020000,2104.1385,0.965827,-1.210055,2.175882
6/23/2015,12.5,2123.159912,3091190000,2105.1385,2.323086,-0.503427,2.826513
6/24/2015,12.57,2123.649902,3102480000,2104.3935,2.113953,0.020049,2.093904
6/25/2015,12.96,2109.959961,3214610000,2103.4695,1.42584,0.301207,1.124633
6/26/2015,14.13,2102.620117,5025470000,2103.1745,0.805059,0.401978,0.403081
6/29/2015,16.7,2098.629883,3678960000,2100.47,-3.188489,-0.316116,-2.872373
6/30/2015,17.6,2061.189941,4078540000,2098.1455,-5.844647,-1.421822,-4.422825
7/1/2015,16.63,2067,3727260000,2096.313,-6.717539,-2.480965,-4.236574
7/2/2015,15.43,2078.030029,2996540000,2095.36,-7.37593,-3.459958,-3.915971
7/6/2015,18.65,2073.949951,3486360000,2094.1565,-8.447479,-4.457462,-3.990016
7/7/2015,17.22,2069.52002,4458660000,2094.2595,-8.187211,-5.203412,-2.983799
7/8/2015,17.38,2077.659912,3608780000,2092.586,-10.654896,-6.293709,-4.361187
7/9/2015,17.46,2049.72998,3446810000,2089.8915,-12.0975,-7.454467,-4.643033
7/10/2015,17.45,2052.73999,3065070000,2088.2795,-11.07085,-8.177744,-2.893106
7/13/2015,15.29,2080.030029,3096730000,2088.554,-8.307169,-8.203629,-0.10354
7/14/2015,13.91,2099.719971,3002120000,2089.78,-5.301354,-7.623174,2.321819
7/15/2015,13.35,2109.01001,3261810000,2090.3355,-3.009604,-6.70046,3.690856
7/16/2015,12.59,2110.550049,3227080000,2091.528,0.167575,-5.326853,5.494428
7/17/2015,11.77,2126.800049,3362750000,2091.798,2.842373,-3.693008,6.53538
7/20/2015,12.25,2126.850098,3245870000,2092.7125,5.036446,-1.947117,6.983563
7/21/2015,12.42,2127.550049,3343690000,2092.5305,5.974522,-0.362789,6.337311
7/22/2015,12.77,2118.209961,3694070000,2092.028,6.237748,0.957318,5.28043
7/23/2015,12.06,2114.159912,3772810000,2091.7065,5.41563,1.848981,3.566649
7/24/2015,12.87,2102.23999,3870040000,2090.5735,2.914932,2.062171,0.852761
7/27/2015,15.6,2078.189941,3836750000,2088.881,-0.035586,1.642619,-1.678206
7/28/2015,14.87,2070.75,4117740000,2090.6615,-0.303877,1.25332,-1.557197
7/29/2015,13.57,2094.699951,4038900000,2092.9345,0.711495,1.144955,-0.43346
7/30/2015,12.72,2106.780029,3579410000,2094.495,1.503692,1.216703,0.28699
7/31/2015,12.03,2111.600098,3681340000,2095.848,1.725115,1.318385,0.40673
8/3/2015,12.85,2104.48999,3476770000,2097.312,1.416258,1.33796,0.078298
8/4/2015,12.66,2097.679932,3546710000,2097.911,0.781611,1.22669,-0.445079
8/5/2015,12.02,2095.27002,3968680000,2100.569,0.795588,1.140469,-0.344882
8/6/2015,12.2,2100.75,4246570000,2102.1815,-0.501218,0.812132,-1.31335
8/7/2015,13.57,2082.610107,3602320000,2102.229,-1.989357,0.251834,-2.241191
8/10/2015,12.73,2080.97998,3514460000,2102.458,-1.009872,-0.000507,-1.009365
8/11/2015,13.24,2102.659912,3708880000,2101.214,-1.835177,-0.367441,-1.467736
8/12/2015,15.19,2081.100098,4269130000,2100.1465,-2.302921,-0.754537,-1.548384
8/13/2015,13.87,2086.189941,3221300000,2098.1015,-2.855337,-1.174697,-1.68064
8/14/2015,13.69,2083.149902,2795590000,2096.3465,-2.605459,-1.460849,-1.14461
8/17/2015,14.32,2089.699951,2867690000,2095.0545,-1.510479,-1.470775,-0.039704
8/18/2015,13.41,2101.98999,2949990000,2093.94,-1.075717,-1.391764,0.316047
8/19/2015,14.84,2095.689941,3512920000,2092.213,-2.103687,-1.534148,-0.569539
8/20/2015,16.55,2076.610107,3922470000,2088.892,-6.385502,-2.504419,-3.881083
8/21/2015,22.55,2034.079956,5018240000,2083.454,-14.839853,-4.971506,-9.868347
8/24/2015,28.03,1965.150024,6612690000,2074.7325,-27.491212,-9.475447,-18.015765
8/25/2015,31.13,1898.079956,5183560000,2063.4505,-39.13212,-15.406782,-23.725339
8/26/2015,31.13,1872.75,5338250000,2055.0475,-41.991155,-20.723656,-21.267499
8/27/2015,27.11,1942.77002,5006390000,2048.999,-39.991355,-24.577196,-15.414159
8/28/2015,26.69,1986.060059,3949080000,2043.2505,-37.872294,-27.236216,-10.636078
8/31/2015,27.03,1986.72998,3915100000,2036.9575,-37.111863,-29.211345,-7.900518
9/1/2015,31.91,1970.089966,4371850000,2027.984,-40.746263,-31.518329,-9.227934
9/2/2015,29.14,1916.52002,3742620000,2020.435,-40.336562,-33.281975,-7.054586
9/3/2015,25.21,1950.790039,3520700000,2013.8135,-39.374812,-34.500543,-4.874269
9/4/2015,27.43,1947.76001,3167090000,2005.996,-40.558571,-35.712148,-4.846423
9/8/2015,25.05,1927.300049,3548650000,1999.2575,-37.179596,-36.005638,-1.173958
9/9/2015,22.39,1971.449951,3652120000,1992.156,-36.291913,-36.062893,-0.22902
9/10/2015,26.87,1941.589966,3626320000,1985.468,-34.365188,-35.723352,1.358164
9/11/2015,25.38,1951.449951,3218590000,1979.351,-31.765216,-34.931725,3.166508
9/14/2015,24.03,1963.060059,3000200000,1972.4255,-30.005977,-33.946575,3.940598
9/15/2015,23.28,1955.099976,3239860000,1966.208,-26.286618,-32.414584,6.127965
9/16/2015,22.57,1978.02002,3630680000,1961.1275,-21.699353,-30.271538,8.572184
9/17/2015,21.54,1995.329956,4183790000,1956.657,-18.265692,-27.870369,9.604677
9/18/2015,23.07,1989.660034,6021240000,1952.772,-17.933612,-25.883017,7.949405
9/21/2015,21.97,1960.839966,3269350000,1952.576,-16.755902,-24.057594,7.301692
9/22/2015,22.97,1961.390015,3808260000,1955.0525,-17.575122,-22.7611,5.185978
9/23/2015,22.09,1943.23999,3190530000,1958.61,-18.334168,-21.875713,3.541546
9/24/2015,23.53,1934.810059,4091530000,1958.1965,-19.240039,-21.348579,2.10854
9/25/2015,21.12,1935.930054,3721870000,1955.3805,-19.802302,-21.039323,1.237021
9/28/2015,25.02,1929.180054,4326660000,1950.0255,-23.971457,-21.62575,-2.345707
9/29/2015,26.57,1881.900024,4132390000,1945.621,-26.779638,-22.656528,-4.123111
9/30/2015,24.64,1887.140015,4525070000,1945.93,-25.807591,-23.28674,-2.52085
10/1/2015,23.14,1919.650024,3983600000,1944.678,-24.449575,-23.519307,-0.930268
10/2/2015,23.99,1921.77002,4378570000,1944.6895,-20.910052,-22.997456,2.087404
10/5/2015,20.31,1954.329956,4334490000,1947.981,-15.051565,-21.408278,6.356713
10/6/2015,19.54,1986.630005,4202400000,1948.5065,-10.858829,-19.298388,8.439559
10/7/2015,18.96,1982.339966,4666470000,1951.196,-6.181001,-16.674911,10.49391
10/8/2015,18.62,1994.01001,3939140000,1954.253,-1.041609,-13.54825,12.506642
10/9/2015,17.15,2013.72998,3706900000,1956.945,3.113318,-10.215937,13.329255
10/12/2015,17.68,2015.650024,2893250000,1960.1665,6.538137,-6.865122,13.403259
10/13/2015,17.08,2015,3401920000,1961.4465,8.04843,-3.882411,11.930842
10/14/2015,17.67,2003.660034,3644590000,1961.393,8.386142,-1.428701,9.814843
10/15/2015,17.62,1996.469971,3746290000,1963.076,10.918011,1.040642,9.87737
10/16/2015,15.64,2024.369995,3595430000,1966.83,13.51514,3.535541,9.979598
10/19/2015,15.68,2031.72998,3287320000,1970.1645,15.439783,5.91639,9.523393
10/20/2015,15.17,2033.130005,3331500000,1974.566,16.541201,8.041352,8.499849
10/21/2015,14.98,2033.469971,3627790000,1978.575,16.271928,9.687467,6.584461
10/22/2015,15.02,2021.880005,4430850000,1984.5885,18.553472,11.460668,7.092804
10/23/2015,13.46,2058.189941,4108460000,1991.779,21.935612,13.555657,8.379955
10/26/2015,14.76,2075.080078,3385800000,2001.2495,24.018762,15.648278,8.370484
10/27/2015,15.75,2068.75,4216880000,2010.3395,24.955148,17.509652,7.445496
10/28/2015,15.14,2066.47998,4698110000,2018.8555,27.35562,19.478846,7.876774
10/29/2015,14.8,2088.350098,4008940000,2027.135,28.8496,21.352996,7.496604
10/30/2015,14.6,2090,4256200000,2033.535,28.889618,22.860321,6.029297
11/2/2015,15.41,2080.76001,3760020000,2039.385,30.561317,24.40052,6.160797
11/3/2015,14.33,2102.629883,4272060000,2045.8785,31.980667,25.916549,6.064118
11/4/2015,14.04,2110.600098,4078870000,2051.2025,32.131547,27.159549,4.971998
11/5/2015,15.39,2101.679932,4051890000,2055.5275,31.693728,28.066385,3.627344
11/6/2015,14.91,2098.600098,4369020000,2059.743,30.931292,28.639366,2.291926
11/9/2015,15.34,2096.560059,3882350000,2062.799,28.336549,28.578803,-0.242254
11/10/2015,16.69,2077.189941,3821440000,2066.7005,26.23119,28.10928,-1.87809
11/11/2015,15.07,2083.409912,3692410000,2070.7385,23.746694,27.236763,-3.490069
11/12/2015,17.06,2072.290039,4016370000,2071.844,19.21375,25.63216,-6.41841
11/13/2015,18.68,2044.640015,4278750000,2071.3405,13.614164,23.228561,-9.614397
11/16/2015,20.51,2022.079956,3741240000,2072.317,11.477006,20.87825,-9.401244
11/17/2015,17.82,2053.669922,4427350000,2073.3005,9.452428,18.593086,-9.140658
11/18/2015,19.01,2051.98999,3926390000,2076.5325,10.402148,16.954898,-6.552751
11/19/2015,16.25,2083.699951,3628110000,2077.969,10.84102,15.732123,-4.891102
11/20/2015,16.13,2082.820068,3929600000,2078.67,11.693914,14.924481,-3.230567
11/23/2015,16.15,2089.409912,3587980000,2079.4405,12.02306,14.344197,-2.321137
11/24/2015,16.53,2084.419922,3884930000,2080.603,12.347342,13.944826,-1.597484
11/25/2015,15.55,2089.300049,2852940000,2080.529,12.43916,13.643693,-1.204533
11/27/2015,15.31,2088.820068,1466840000,2080.564,12.468258,13.408606,-0.940348
11/30/2015,15.55,2090.949951,4275030000,2080.6165,11.575177,13.04192,-1.466743
12/1/2015,15.61,2082.929932,3712120000,2080.5455,12.516096,12.936755,-0.42066
12/2/2015,15.04,2101.709961,3950640000,2079.0315,11.266318,12.602668,-1.33635
12/3/2015,15.87,2080.709961,4306490000,2076.397,7.774369,11.637008,-3.862639
12/4/2015,17.43,2051.23999,4214910000,2075.985,8.305926,10.970792,-2.664865
12/7/2015,15.65,2090.419922,4043820000,2074.8785,7.461466,10.268926,-2.80746
12/8/2015,17.69,2073.389893,4173570000,2074.129,5.639493,9.34304,-3.703546
12/9/2015,18.05,2061.169922,4385250000,2072.424,2.873794,8.049191,-5.175397
12/10/2015,19.25,2047.930054,3715150000,2071.2855,1.041935,6.64774,-5.605804
12/11/2015,21.36,2047.27002,4301060000,2069.6055,-3.584871,4.601217,-8.186088
12/14/2015,24.7,2013.369995,4612440000,2069.5505,-6.405589,2.399856,-8.805446
12/15/2015,20.76,2025.550049,4353540000,2069.0615,-6.829849,0.553915,-7.383764
12/16/2015,19.25,2046.5,4635450000,2070.193,-4.718374,-0.500543,-4.217831
12/17/2015,16.18,2073.76001,4327390000,2068.1085,-5.497607,-1.499956,-3.997651
12/18/2015,19.34,2040.810059,6683070000,2064.324,-8.944383,-2.988841,-5.955542
12/21/2015,19.64,2010.27002,3760280000,2060.923,-10.298475,-4.450768,-5.847707
12/22/2015,17.61,2023.150024,3520860000,2058.542,-9.820472,-5.524709,-4.295764
12/23/2015,15.86,2042.199951,3484090000,2057.2995,-7.314226,-5.882612,-1.431614
12/24/2015,15.44,2063.52002,1411860000,2055.9055,-5.530537,-5.812197,0.28166
12/28/2015,17.65,2057.77002,2492510000,2054.225,-4.428211,-5.5354,1.107189
12/29/2015,15.91,2060.540039,2542000000,2054.1225,-1.770284,-4.782377,3.012093
12/30/2015,16.5,2077.340088,2367430000,2052.159,-0.864269,-3.998755,3.134486
12/31/2015,17.97,2060.590088,2655330000,2050.3805,-1.693753,-3.537755,1.844002
1/4/2016,22.48,2038.199951,4304880000,2048.5325,-4.819602,-3.794124,-1.025478
1/5/2016,20.75,2013.780029,3706620000,2044.7835,-6.890628,-4.413425,-2.477203
1/6/2016,21.67,2011.709961,4336660000,2040.443,-10.544672,-5.639674,-4.904998
1/7/2016,23.22,1985.319946,5076590000,2034.418,-17.05021,-7.921781,-9.128428
1/8/2016,22.96,1945.969971,4664940000,2028.1385,-23.632836,-11.063992,-12.568844
1/11/2016,25.58,1926.119995,4607290000,2021.7105,-28.390018,-14.529197,-13.860821
1/12/2016,22.97,1927.829956,4887260000,2018.026,-30.596243,-17.742607,-12.853637
1/13/2016,21.72,1940.339966,5087030000,2011.443,-35.837061,-21.361498,-14.475563
1/14/2016,24.75,1891.680054,5241110000,2005.3645,-37.017108,-24.49262,-12.524488
1/15/2016,28.96,1916.680054,5468460000,1995.7275,-40.831138,-27.760323,-13.070815
1/19/2016,25.4,1888.660034,4928350000,1987.6995,-43.274254,-30.863109,-12.411145
1/20/2016,27.78,1876.180054,6416070000,1980.3885,-46.450208,-33.980529,-12.469679
1/21/2016,27.79,1861.459961,5078810000,1972.7805,-47.638546,-36.712133,-10.926413
1/22/2016,24.21,1877.400024,4901760000,1966.177,-45.002531,-38.370212,-6.632319
1/25/2016,23.3,1906.280029,4401380000,1956.8165,-44.803231,-39.656816,-5.146415
1/26/2016,23.75,1878.790039,4357940000,1948.9485,-42.018557,-40.129164,-1.889393
1/27/2016,22.88,1902.52002,4754040000,1940.271,-41.007676,-40.304866,-0.702809
1/28/2016,22.15,1885.219971,4693010000,1931.021,-38.917923,-40.027478,1.109555
1/29/2016,21.59,1894,5497570000,1924.865,-33.097428,-38.641468,5.54404
2/1/2016,21.32,1936.939941,4322530000,1919.637,-28.228637,-36.558902,8.330265
2/2/2016,21.34,1935.26001,4463190000,1914.1555,-26.992078,-34.645537,7.653459
2/3/2016,21.49,1907.069946,5172950000,1908.9465,-24.957827,-32.707995,7.750168
2/4/2016,22.29,1911.670044,5193320000,1905.206,-22.846687,-30.735733,7.889046
2/5/2016,22.09,1913.069946,4929940000,1902.054,-23.75623,-29.339833,5.583603
2/8/2016,25.89,1873.25,5636460000,1898.6245,-26.320844,-28.736035,2.415191
2/9/2016,28.3,1848.459961,5183220000,1895.0515,-28.128324,-28.614493,0.486169
2/10/2016,25.75,1857.099976,4471170000,1890.7105,-29.25181,-28.741956,-0.509854
2/11/2016,29.01,1847,5500800000,1887.6505,-31.615888,-29.316743,-2.299146
2/12/2016,27.16,1833.400024,4696920000,1884.7975,-30.259928,-29.50538,-0.754548
2/16/2016,24.96,1871.439941,4570670000,1885.56,-26.395744,-28.883453,2.487709
2/17/2016,23.4,1898.800049,5011540000,1887.8345,-20.575363,-27.221835,6.646472
2/18/2016,22.16,1927.569946,4436490000,1890.7595,-16.497909,-25.077049,8.57914
2/19/2016,22.39,1916.73999,4142850000,1893.199,-13.119301,-22.6855,9.566199
2/22/2016,20.14,1924.439941,4054710000,1895.129,-8.111454,-19.770691,11.659237
2/23/2016,19.75,1942.380005,3890650000,1897.3385,-6.028366,-17.022226,10.99386
2/24/2016,22.28,1917.560059,4317250000,1898.647,-3.647162,-14.347213,10.700051
2/25/2016,20.54,1931.869995,4118210000,1902.0845,0.007025,-11.476365,11.483391
2/26/2016,18.89,1954.949951,4348510000,1904.819,2.578744,-8.665343,11.244088
2/29/2016,20.49,1947.130005,4588180000,1904.4185,3.302242,-6.271826,9.574069
3/1/2016,19.84,1937.089966,4819750000,1906.367,7.510541,-3.515353,11.025894
3/2/2016,17.98,1976.599976,4666610000,1910.538,11.368205,-0.538641,11.906846
3/3/2016,17.25,1985.599976,5081700000,1914.5815,14.815455,2.532178,12.283277
3/4/2016,16.48,1994.01001,6049930000,1918.8085,17.873153,5.600373,12.27278
3/7/2016,17.98,1996.109985,4968180000,1924.894,20.206299,8.521558,11.684741
3/8/2016,18.38,1996.880005,4641650000,1931.185,20.00912,10.819071,9.190049
3/9/2016,18.56,1981.439941,4038120000,1938.0375,20.424331,12.740123,7.684208
3/10/2016,18.17,1990.969971,4376790000,1944.923,20.541613,14.300421,6.241192
3/11/2016,17.09,1994.709961,4078620000,1954.5785,23.001573,16.040651,6.960921
3/14/2016,17.01,2019.27002,3487850000,1962.3215,24.463347,17.72519,6.738156
3/15/2016,17.6,2015.27002,3560280000,1968.339,25.033872,19.186927,5.846946
3/16/2016,15.96,2014.23999,4057020000,1973.359,26.096206,20.568782,5.527423
3/17/2016,15.34,2026.900024,4530480000,1979.497,27.697678,21.994562,5.703117
3/18/2016,14.05,2041.160034,6503140000,1986.087,29.353901,23.46643,5.887472
3/21/2016,14.57,2047.880005,3376600000,1991.392,30.478134,24.86877,5.609364
3/22/2016,14.57,2048.639893,3418460000,1997.8185,30.868024,26.068621,4.799403
3/23/2016,14.57,2048.550049,3639510000,2003.164,29.777505,26.810398,2.967107
3/24/2016,16.3,2032.47998,3407720000,2007.376,28.52234,27.152786,1.369554
3/28/2016,15.65,2037.890015,2809090000,2011.826,27.302455,27.18272,0.119735
3/29/2016,15.74,2035.75,3822330000,2017.965,27.468272,27.239831,0.228442
3/30/2016,13.69,2058.27002,3590310000,2022.245,27.998319,27.391528,0.606791
3/31/2016,13.73,2063.77002,3715280000,2025.9095,27.758689,27.46496,0.293729
4/1/2016,15.23,2056.620117,3749990000,2029.8785,28.294834,27.630935,0.663899
4/4/2016,13.88,2073.189941,3485710000,2033.1855,27.861958,27.67714,0.184818
4/5/2016,15.39,2062.5,4154920000,2035.356,25.533272,27.248366,-1.715094
4/6/2016,15.61,2045.560059,3750800000,2039.726,25.132128,26.825118,-1.692991
4/7/2016,15.14,2063.01001,3801250000,2042.3585,22.557076,25.97151,-3.414434
4/8/2016,15.34,2045.540039,3359530000,2045.26,20.736427,24.924493,-4.188066
4/11/2016,15.34,2050.22998,3567840000,2046.25,18.626159,23.664827,-5.038667
4/12/2016,15.98,2043.719971,4239740000,2048.354,18.334455,22.598752,-4.264297
4/13/2016,14.49,2065.919922,4191830000,2051.6785,19.548254,21.988653,-2.440399
4/14/2016,13.9,2082.889893,3765870000,2054.4565,20.305182,21.651958,-1.346777
4/15/2016,13.77,2083.100098,3701450000,2056.4635,20.503286,21.422224,-0.918938
4/18/2016,14.87,2078.830078,3316880000,2058.7015,21.510537,21.439887,0.070651
4/19/2016,13.18,2096.050049,3896830000,2061.1615,22.569888,21.665887,0.904001
4/20/2016,13.39,2101.52002,4184880000,2063.7915,23.270293,21.986768,1.283525
4/21/2016,13.2,2102.090088,4175290000,2066.53,22.682743,22.125963,0.55678
4/22/2016,13.7,2091.48999,3790580000,2069.312,21.971896,22.09515,-0.123254
4/25/2016,14.07,2089.370117,3319740000,2071.849,20.862237,21.848567,-0.98633
4/26/2016,14.01,2089.840088,3557190000,2073.6835,20.067008,21.492255,-1.425247
4/27/2016,14.15,2092.330078,4100110000,2075.2435,19.490496,21.091903,-1.601408
4/28/2016,14.53,2090.929932,4309840000,2076.047,17.273906,20.328304,-3.054398
4/29/2016,15.21,2071.820068,4704720000,2075.673,14.502004,19.163044,-4.66104
5/2/2016,16.33,2067.169922,3841110000,2076.438,13.451744,18.020784,-4.56904
5/3/2016,14.92,2077.179932,4173390000,2077.348,11.034911,16.623609,-5.588698
5/4/2016,15.47,2060.300049,4058560000,2076.571,8.038419,14.906571,-6.868152
5/5/2016,15.54,2052.949951,4008530000,2077.007,5.560045,13.037266,-7.477221
5/6/2016,16.2,2047.77002,3796350000,2077.484,4.074254,11.244663,-7.17041
5/9/2016,15.2,2057.550049,3788620000,2078.319,2.987389,9.593209,-6.60582
5/10/2016,13.98,2062.629883,3600200000,2079.4525,4.151954,8.504958,-4.353003
5/11/2016,13.92,2083.290039,3821980000,2078.5545,3.42719,7.489404,-4.062214
5/12/2016,14.55,2067.169922,3782390000,2077.621,2.792378,6.549999,-3.757621
5/13/2016,15.15,2062.5,3579880000,2075.915,0.867185,5.413436,-4.546251
5/16/2016,15.72,2046.530029,3501360000,2074.531,0.948391,4.520427,-3.572036
5/17/2016,14.57,2065.040039,4108960000,2071.8515,-0.550362,3.506269,-4.056631
5/18/2016,15.72,2044.380005,4101320000,2069.113,-1.684822,2.468051,-4.152873
5/19/2016,16.37,2044.209961,3846770000,2066.541,-3.159913,1.342458,-4.502371
5/20/2016,16.13,2041.880005,3507650000,2064.578,-3.3,0.413967,-3.713967
5/23/2016,16.33,2052.22998,3055480000,2062.5905,-3.713573,-0.411541,-3.302031
5/24/2016,16.03,2052.649902,3627340000,2061.8085,-1.760063,-0.681246,-1.078817
5/25/2016,14.19,2078.929932,3859160000,2061.578,0.945622,-0.355872,1.301494
5/26/2016,13.8,2091.439941,3230990000,2062.2925,3.019584,0.319219,2.700365
5/27/2016,13.49,2090.060059,3079150000,2063.9805,5.32483,1.320341,4.004489
5/31/2016,13.94,2100.129883,4514410000,2064.757,6.902732,2.436819,4.465912
6/1/2016,14.45,2093.939941,3525170000,2066.555,8.249375,3.599331,4.650045
6/2/2016,14.42,2097.709961,3632720000,2069.262,9.683476,4.81616,4.867317
6/3/2016,13.78,2104.070068,3627780000,2071.687,10.207704,5.894469,4.313235
6/6/2016,13.84,2100.830078,3442020000,2074.3005,11.322154,6.980006,4.342148
6/7/2016,12.77,2110.179932,3534730000,2076.9725,12.28325,8.040655,4.242596
6/8/2016,13.84,2112.709961,3562060000,2078.709,13.453873,9.123298,4.330575
6/9/2016,14.01,2115.649902,3290320000,2081.26,13.927337,10.084106,3.843231
6/10/2016,14.89,2109.570068,3515010000,2082.858,12.591192,10.585523,2.005669
6/13/2016,18.24,2091.75,3392030000,2084.4805,10.043943,10.477207,-0.433264
6/14/2016,21.28,2076.649902,3759770000,2084.9135,7.635426,9.908851,-2.273425
6/15/2016,20.25,2077.600098,3544720000,2086.128,5.356669,8.998415,-3.641746
6/16/2016,20.8,2066.360107,3628280000,2087.646,4.027994,8.004331,-3.976337
6/17/2016,19.42,2078.199951,4952630000,2089.205,2.401049,6.883674,-4.482625
6/20/2016,17.42,2075.580078,3467440000,2090.7515,2.058673,5.918674,-3.860001
6/21/2016,17.67,2085.189941,3232880000,2092.7945,2.217681,5.178476,-2.960794
6/22/2016,18.26,2089.75,3168160000,2093.264,2.041774,4.551135,-2.509361
6/23/2016,19.54,2092.800049,3297940000,2094.403,4.103935,4.461695,-0.35776
6/24/2016,26.06,2103.810059,7597450000,2091.7685,-0.382679,3.49282,-3.8755
6/27/2016,24.38,2031.449951,5431220000,2086.8425,-6.834668,1.427323,-8.261991
6/28/2016,21.76,2006.670044,4385810000,2083.799,-8.97586,-0.653314,-8.322546
6/29/2016,18.12,2042.689941,4241740000,2082.371,-7.784647,-2.079581,-5.705067
6/30/2016,16.91,2073.169922,4622820000,2082.051,-4.521849,-2.568034,-1.953815
7/1/2016,15.59,2099.340088,3458890000,2082.242,-1.587727,-2.371973,0.784246
7/5/2016,16.05,2095.050049,3658380000,2081.199,-0.419538,-1.981486,1.561948
7/6/2016,15.87,2084.429932,3909380000,2080.579,1.392343,-1.30672,2.699063
7/7/2016,14.8,2100.419922,3604550000,2079.518,2.650058,-0.515365,3.165423
7/8/2016,14.64,2106.969971,3607500000,2080.239,6.157954,0.819299,5.338655
7/11/2016,13.25,2131.719971,3253340000,2082.2935,9.415274,2.538494,6.87678
7/12/2016,12.93,2139.5,4097820000,2085.9475,13.054995,4.641794,8.413201
7/13/2016,13.32,2153.810059,3502320000,2089.803,15.780987,6.869633,8.911354
7/14/2016,12.5,2157.879883,3465610000,2094.4155,18.639916,9.223689,9.416226
7/15/2016,13.12,2165.129883,3122600000,2098.603,20.507054,11.480362,9.026692
7/18/2016,12.75,2162.040039,3009310000,2103.3865,22.14704,13.613698,8.533342
7/19/2016,12.53,2163.790039,2968340000,2107.413,22.93145,15.477248,7.454201
7/20/2016,11.94,2166.100098,3211860000,2111.619,24.021783,17.186155,6.835628
7/21/2016,11.8,2172.909912,3438900000,2115.605,23.976069,18.544138,5.431931
7/22/2016,12.8,2166.469971,3023280000,2118.6905,24.453574,19.726025,4.727549
7/25/2016,12.64,2173.709961,3057240000,2125.244,24.026508,20.586122,3.440386
7/26/2016,12.88,2168.969971,3442350000,2133.676,23.473946,21.163687,2.310259
7/27/2016,12.61,2169.810059,3995500000,2140.2005,22.56611,21.444171,1.121939
7/28/2016,12.51,2166.050049,3664240000,2145.165,21.875286,21.530394,0.344892
7/29/2016,12.85,2168.830078,4038840000,2148.902,21.367144,21.497744,-0.1306
8/1/2016,11.89,2173.149902,3505990000,2152.2965,20.505356,21.299267,-0.79391
8/2/2016,12.39,2169.939941,3848750000,2155.7205,18.494835,20.73838,-2.243546
8/3/2016,13.53,2156.810059,3786530000,2158.9235,17.248132,20.040331,-2.792199
8/4/2016,12.73,2163.51001,3709200000,2162.241,16.111505,19.254566,-3.14306
8/5/2016,12.08,2168.790039,3663070000,2164.8895,16.522735,18.708199,-2.185464
8/8/2016,11.66,2183.76001,3327550000,2167.076,16.498682,18.266296,-1.767614
8/9/2016,11.4,2182.23999,3334300000,2168.556,16.359624,17.884961,-1.525338
8/10/2016,11.55,2182.810059,3254950000,2169.709,15.565665,17.421102,-1.855437
8/11/2016,11.93,2177.969971,3423160000,2170.811,15.587884,17.054458,-1.466575
8/12/2016,11.61,2183.73999,3000660000,2171.9265,15.288848,16.701336,-1.412488
8/15/2016,11.81,2186.080078,3078530000,2173.0895,15.366939,16.434457,-1.067518
8/16/2016,12.04,2186.23999,3196400000,2173.808,14.295735,16.006712,-1.710978
8/17/2016,12.57,2177.840088,3388910000,2174.268,13.61823,15.529016,-1.910786
8/18/2016,12.2,2181.899902,3300570000,2175.3605,13.315134,15.086239,-1.771106
8/19/2016,11.67,2184.23999,3084800000,2175.8025,12.674644,14.60392,-1.929277
8/22/2016,12.53,2181.580078,2777550000,2176.5105,11.930275,14.069191,-2.138916
8/23/2016,12.15,2187.810059,3041490000,2177.3965,11.550952,13.565543,-2.014591
8/24/2016,12.7,2185.090088,3148280000,2177.8395,10.207939,12.894023,-2.686084
8/25/2016,13.62,2173.290039,2969310000,2177.96,8.802468,12.075712,-3.273244
8/26/2016,13.54,2175.100098,3342340000,2177.732,7.327384,11.126046,-3.798662
8/29/2016,14.09,2170.189941,2654780000,2178.209,6.992804,10.299398,-3.306594
8/30/2016,12.94,2179.449951,3006800000,2179.1635,6.311149,9.501748,-3.190599
8/31/2016,13.14,2173.560059,3766390000,2179.5215,5.292746,8.659947,-3.367202
9/1/2016,13.07,2171.330078,3392120000,2179.852,4.427356,7.813429,-3.386073
9/2/2016,13.47,2177.48999,3091120000,2179.7075,4.426411,7.136025,-2.709615
9/6/2016,12.42,2181.610107,3447650000,2179.987,4.893745,6.687569,-1.793824
9/7/2016,11.89,2185.169922,3319420000,2180.208,5.178594,6.385774,-1.20718
9/8/2016,11.74,2182.76001,3727840000,2180.4985,4.955059,6.099631,-1.144572
9/9/2016,12.52,2169.080078,4233960000,2177.5995,0.456448,4.970995,-4.514546
9/12/2016,20.13,2120.860107,4010480000,2176.349,-0.582024,3.860391,-4.442415
9/13/2016,15.98,2150.469971,4141670000,2173.1925,-3.943311,2.299651,-6.242962
9/14/2016,17.63,2127.860107,3664100000,2170.5735,-6.631575,0.513405,-7.144981
9/15/2016,17.97,2125.360107,3373720000,2168.8255,-6.94789,-0.978854,-5.969036
9/16/2016,16.41,2146.47998,5014360000,2166.4325,-7.76269,-2.335621,-5.427069
9/19/2016,15.14,2143.98999,3163000000,2164.195,-8.315793,-3.531655,-4.784138
9/20/2016,14.98,2145.939941,3140730000,2162.051,-8.603315,-4.545987,-4.057328
9/21/2016,15.07,2144.580078,3712090000,2160.862,-6.867063,-5.010202,-1.85686
9/22/2016,13.39,2170.939941,3552830000,2160.949,-4.306898,-4.869542,0.562643
9/23/2016,12,2173.290039,3317190000,2160.56,-3.248343,-4.545302,1.296959
9/26/2016,13.26,2158.540039,3216170000,2159.413,-3.864936,-4.409229,0.544293
9/27/2016,13.36,2146.040039,3437770000,2158.3905,-3.200729,-4.167529,0.9668
9/28/2016,12.9,2161.850098,3891460000,2158.153,-1.73127,-3.680277,1.949007
9/29/2016,12.53,2168.899902,4249220000,2157.162,-2.174842,-3.37919,1.204348
9/30/2016,14.91,2156.51001,4173340000,2157.0325,-1.130292,-2.929411,1.799118
10/3/2016,13.75,2164.330078,3137550000,2156.0935,-0.863021,-2.516133,1.653112
10/4/2016,13.4,2163.370117,3750890000,2154.294,-1.498144,-2.312535,0.814391
10/5/2016,13.56,2155.149902,3906550000,2152.9725,-1.24158,-2.098344,0.856764
10/6/2016,13.11,2158.219971,3461550000,2151.946,-0.943457,-1.867366,0.92391
10/7/2016,13.52,2164.189941,3619890000,2153.2425,-1.259931,-1.745879,0.485949
10/10/2016,14.19,2160.389893,2916550000,2153.4735,-0.702183,-1.53714,0.834957
10/11/2016,13.71,2161.350098,3438270000,2153.959,-2.405461,-1.710804,-0.694657
10/12/2016,15.53,2137.669922,2977100000,2154.6295,-3.517084,-2.07206,-1.445024
10/13/2016,16.88,2130.26001,3580450000,2153.894,-4.876822,-2.633013,-2.243809
10/14/2016,16.49,2139.679932,3228150000,2153.585,-5.852265,-3.276863,-2.575402
10/17/2016,17.01,2132.949951,2830390000,2152.954,-7.066732,-4.034837,-3.031895
10/18/2016,15.82,2138.310059,3170000000,2152.946,-6.892691,-4.606408,-2.286283
10/19/2016,15.45,2140.810059,3362670000,2152.0045,-6.303653,-4.945857,-1.357796
10/20/2016,14.43,2142.51001,3337170000,2150.2125,-6.005648,-5.157815,-0.847833
10/21/2016,14.04,2139.429932,3448850000,2149.036,-5.718086,-5.269869,-0.448217
10/24/2016,13.19,2148.5,3357320000,2149.2975,-4.616343,-5.139164,0.522821
10/25/2016,12.91,2149.719971,3751340000,2148.459,-4.352284,-4.981788,0.629504
10/26/2016,13.66,2136.969971,3775200000,2146.862,-4.393352,-4.864101,0.470749
10/27/2016,14.37,2144.060059,4204830000,2145.9575,-4.885204,-4.868321,-0.016883
10/28/2016,15.67,2132.22998,4019510000,2143.8645,-5.743775,-5.043412,-0.700363
10/31/2016,16.31,2129.780029,3922400000,2142.112,-6.37173,-5.309076,-1.062654
11/1/2016,16.54,2128.679932,4532160000,2140.1735,-7.942216,-5.835704,-2.106512
11/2/2016,19.09,2109.429932,4248580000,2137.084,-10.181403,-6.704844,-3.47656
11/3/2016,19.85,2098.800049,3886740000,2133.4785,-12.56001,-7.875877,-4.684133
11/4/2016,21.86,2083.790039,3837860000,2130.0505,-14.558063,-9.212314,-5.345749
11/7/2016,19.78,2100.590088,3736060000,2128.4435,-12.260948,-9.822041,-2.438907
11/8/2016,18.92,2129.919922,3916930000,2128.585,-9.68012,-9.793657,0.113537
11/9/2016,20.7,2131.560059,6264150000,2129.789,-5.657191,-8.966364,3.309173
11/10/2016,14.01,2167.48999,6451640000,2131.5355,-2.104216,-7.593934,5.489718
11/11/2016,14.83,2162.709961,4988050000,2133.109,0.461725,-5.982802,6.444527
11/14/2016,14.69,2165.639893,5367200000,2134.994,2.446872,-4.296867,6.743739
11/15/2016,14.16,2168.290039,4543860000,2137.0335,5.265812,-2.384332,7.650143
11/16/2016,13.51,2177.530029,3830590000,2138.666,7.13916,-0.479633,7.618794
11/17/2016,13.37,2178.610107,3809160000,2140.955,9.337605,1.483815,7.853791
11/18/2016,13.56,2186.850098,3572400000,2142.992,10.537212,3.294494,7.242718
11/21/2016,13.27,2186.429932,3607010000,2145.3345,12.655682,5.166732,7.48895
11/22/2016,12.26,2201.560059,3957940000,2148.3235,14.550943,7.043574,7.507369
11/23/2016,12.34,2198.550049,3418640000,2151.588,16.012005,8.83726,7.174745
11/25/2016,12.52,2206.27002,1584600000,2155.6035,17.662672,10.602343,7.06033
11/28/2016,13.4,2210.209961,3505650000,2159.369,17.826897,12.047253,5.779643
11/29/2016,13.07,2200.76001,3706560000,2163.2945,17.986937,13.23519,4.751747
11/30/2016,12.6,2204.969971,5533980000,2167.649,17.440679,14.076288,3.364391
12/1/2016,13.4,2200.169922,5063740000,2172.306,16.197306,14.500492,1.696815
12/2/2016,14.16,2191.120117,3779500000,2177.4705,15.107971,14.621987,0.485984
12/5/2016,13.75,2200.649902,3895230000,2183.447,15.100224,14.717635,0.38259
12/6/2016,12.19,2207.26001,3855320000,2187.4825,15.521959,14.8785,0.643459
12/7/2016,11.59,2210.719971,4501820000,2192.572,17.998452,15.50249,2.495962
12/8/2016,12.1,2241.129883,4200580000,2196.7185,20.119711,16.425934,3.693777
12/9/2016,12.59,2249.72998,3884480000,2201.321,22.616541,17.664056,4.952485
12/12/2016,12.23,2258.830078,4034510000,2205.9465,24.109994,18.953243,5.156751
12/13/2016,12.46,2263.320068,3857590000,2211.3225,26.182757,20.399146,5.783611
12/14/2016,12.88,2268.350098,4406970000,2214.967,26.03734,21.526785,4.510555
12/15/2016,13.07,2253.77002,4168200000,2219.2215,26.324693,22.486366,3.838327
12/16/2016,12.88,2266.810059,5920340000,2222.769,25.933933,23.17588,2.758054
12/19/2016,12.5,2259.23999,3248370000,2226.8005,25.688023,23.678308,2.009714
12/20/2016,11.65,2266.5,3298780000,2230.4295,25.859141,24.114475,1.744666
12/21/2016,11.44,2270.540039,2852230000,2233.5415,25.253389,24.342258,0.911131
12/22/2016,11.32,2262.929932,2876320000,2236.3535,24.15437,24.30468,-0.15031
12/23/2016,11.38,2260.25,2020550000,2238.8755,23.243808,24.092506,-0.848698
12/27/2016,12.26,2266.22998,1987080000,2242.2335,22.671557,23.808316,-1.136759
12/28/2016,11.89,2270.22998,2392360000,2244.4965,20.452368,23.137126,-2.684758
12/29/2016,13.15,2249.5,2336370000,2247.019,18.427963,22.195294,-3.767331
12/30/2016,13.2,2251.610107,2670900000,2249.4065,15.799862,20.916207,-5.116345
1/3/2017,14.07,2251.570068,3770530000,2252.7005,15.076423,19.748251,-4.671827
1/4/2017,12.78,2261.600098,3764890000,2256.0025,15.36847,18.872294,-3.503824
1/5/2017,11.96,2268.179932,3761820000,2258.841,15.282542,18.154344,-2.871802
1/6/2017,11.7,2271.139893,3339890000,2260.6225,15.67764,17.659003,-1.981363
1/9/2017,11.71,2273.590088,3217610000,2261.758,15.163969,17.159996,-1.996027
1/10/2017,11.59,2269.719971,3638790000,2262.2265,14.588711,16.645739,-2.057028
1/11/2017,11.56,2268.600098,3620410000,2263.1445,14.483894,16.21337,-1.729476
1/12/2017,11.48,2271.139893,3462130000,2263.0805,13.847427,15.740182,-1.892755
1/13/2017,11.45,2272.73999,3081270000,2264.1485,13.526007,15.297347,-1.77134
1/17/2017,12.2,2269.139893,3584990000,2264.4415,12.581578,14.754193,-2.172615
1/18/2017,11.79,2269.139893,3315250000,2265.1325,12.01735,14.206824,-2.189475
1/19/2017,12.58,2271.899902,3165970000,2265.1905,10.784209,13.522301,-2.738092
1/20/2017,12.58,2269.959961,3524970000,2265.218,10.30304,12.878449,-2.575409
1/23/2017,12.3,2267.780029,3152710000,2265.219,9.321235,12.167006,-2.845771
1/24/2017,11.82,2267.879883,3810960000,2266.1745,9.632,11.660005,-2.028005
1/25/2017,10.79,2288.879883,3846020000,2267.9035,11.22554,11.573112,-0.347572
1/26/2017,10.61,2298.629883,3610360000,2269.2935,12.211298,11.700749,0.510549
1/27/2017,10.57,2299.02002,3135890000,2271.532,12.685709,11.897741,0.787968
1/30/2017,11.1,2286.01001,3591270000,2273.114,11.812776,11.880748,-0.067972
1/31/2017,12.29,2274.02002,4087450000,2275.116,10.832298,11.671058,-0.83876
2/1/2017,11.79,2285.590088,3916610000,2276.202,9.994917,11.33583,-1.340913
2/2/2017,12.37,2276.689941,3807710000,2276.707,9.328651,10.934394,-1.605743
2/3/2017,11.84,2288.540039,3597970000,2278.128,10.022161,10.751947,-0.729786
2/6/2017,11.37,2294.280029,3109050000,2278.907,10.063605,10.614279,-0.550674
2/7/2017,11.39,2295.870117,3448690000,2280.116,10.022872,10.495997,-0.473126
2/8/2017,11.19,2289.550049,3609740000,2281.4045,10.003575,10.397513,-0.393938
2/9/2017,11.44,2296.699951,3677940000,2283.032,10.927447,10.5035,0.423947
2/10/2017,10.85,2312.27002,3475020000,2285.315,12.183273,10.839454,1.343819
2/13/2017,11.36,2321.719971,3349730000,2287.9955,13.997573,11.471078,2.526495
2/14/2017,11.17,2326.120117,3520910000,2291.48,16.00379,12.37762,3.626169
2/15/2017,10.84,2335.580078,3775590000,2295.348,18.324173,13.566931,4.757242
2/16/2017,12.02,2349.639893,3672370000,2299.5245,19.771377,14.80782,4.963557
2/17/2017,11.84,2343.01001,3513060000,2303.517,20.994213,16.045099,4.949115
2/21/2017,12.05,2354.909912,3579780000,2308.526,22.847385,17.405556,5.441829
2/22/2017,11.48,2361.110107,3468670000,2312.6635,23.834714,18.691388,5.143327
2/23/2017,11.66,2367.5,4015260000,2315.9355,24.415617,19.836234,4.579383
2/24/2017,11.81,2355.72998,3831570000,2319.4685,24.874094,20.843806,4.030289
2/27/2017,11.78,2365.22998,3582610000,2323.2215,25.142086,21.703462,3.438624
2/28/2017,12.19,2366.080078,4210140000,2327.3585,24.578124,22.278394,2.29973
3/1/2017,12.31,2380.129883,4345180000,2333.213,26.434414,23.109598,3.324816
3/2/2017,12.43,2394.75,3821320000,2338.3315,26.467526,23.781184,2.686342
3/3/2017,11.96,2380.919922,3555260000,2343.445,26.28757,24.282461,2.005109
3/6/2017,11.59,2375.22998,3232700000,2347.3395,25.223986,24.470766,0.75322
3/7/2017,11.27,2370.73999,3518390000,2351.131,23.551218,24.286856,-0.735638
3/8/2017,11.49,2369.810059,3812100000,2354.626,21.540688,23.737623,-2.196935
3/9/2017,11.75,2363.48999,3716340000,2358.136,19.870777,22.964254,-3.093476
3/10/2017,11.97,2372.52002,3432950000,2361.3725,18.952634,22.16193,-3.209296
3/13/2017,12.16,2371.560059,3133900000,2364.241,18.086708,21.346885,-3.260178
3/14/2017,11.39,2368.550049,3172630000,2366.101,16.562387,20.389986,-3.827599
3/15/2017,12.12,2370.340088,3906840000,2368.485,16.759658,19.66392,-2.904262
3/16/2017,11.29,2387.709961,3365660000,2370.0915,16.413707,19.013878,-2.600171
3/17/2017,11.38,2383.709961,5178040000,2371.643,15.705925,18.352287,-2.646362
3/20/2017,11.71,2378.23999,3054930000,2372.7585,14.591099,17.60005,-3.00895
3/21/2017,11.15,2379.320068,4265590000,2371.6905,11.202093,16.320458,-5.118366
3/22/2017,12.95,2343,3572730000,2370.972,8.772619,14.81089,-6.038271
3/23/2017,12.65,2345.969971,3260600000,2370.0795,6.57058,13.162828,-6.592248
3/24/2017,12.86,2350.419922,2975130000,2368.9115,4.612508,11.452764,-6.840256
3/27/2017,14.78,2329.110107,3240230000,2367.5035,2.835187,9.729249,-6.894062
3/28/2017,12.44,2339.790039,3367780000,2367.25,2.764919,8.336383,-5.571464
3/29/2017,11.54,2356.540039,3106940000,2365.5085,2.882574,7.245621,-4.363047
3/30/2017,11.37,2361.310059,3158420000,2364.8155,3.494724,6.495442,-3.000718
3/31/2017,11.61,2364.820068,3354110000,2363.7955,3.508519,5.898057,-2.389538
4/3/2017,12.59,2362.340088,3416400000,2362.972,3.169829,5.352412,-2.182582
4/4/2017,12.71,2354.76001,3206240000,2362.5605,2.97365,4.876659,-1.90301
4/5/2017,11.89,2366.590088,3770520000,2362.059,2.210903,4.343508,-2.132605
4/6/2017,13.11,2353.790039,3201920000,2361.69,1.950279,3.864862,-1.914583
4/7/2017,13.17,2356.590088,3053150000,2360.837,1.568306,3.405551,-1.837245
4/10/2017,13.24,2357.159912,2785410000,2360.0215,1.380398,3.00052,-1.620123
4/11/2017,14.32,2353.919922,3117420000,2359.438,0.947815,2.589979,-1.642164
4/12/2017,15.16,2352.149902,3196950000,2357.4215,-0.107887,2.050406,-2.158293
4/13/2017,15.89,2341.97998,3143890000,2354.8,-2.208532,1.198618,-3.407151
4/17/2017,16.19,2332.620117,2824710000,2353.338,-2.228941,0.513107,-2.742047
4/18/2017,14.5,2342.530029,3269840000,2351.774,-2.763575,-0.14223,-2.621345
4/19/2017,14,2346.790039,3519900000,2351.4815,-3.471637,-0.808111,-2.663526
4/20/2017,14.59,2342.689941,3647420000,2351.851,-2.577252,-1.161939,-1.415313
4/21/2017,13.85,2354.73999,3503360000,2351.9875,-2.417523,-1.413056,-1.004467
4/24/2017,11.56,2370.330078,3690650000,2353.496,-0.233831,-1.177211,0.94338
4/25/2017,10.81,2381.51001,3995240000,2355.847,2.633207,-0.415128,3.048334
4/26/2017,10.61,2388.97998,4105920000,2357.291,4.756918,0.619282,4.137637
4/27/2017,10.72,2389.699951,4098460000,2358.673,6.471884,1.789802,4.682082
4/28/2017,10.39,2393.679932,3718270000,2359.48,7.377206,2.907283,4.469923
5/1/2017,10.92,2388.5,3199240000,2360.7605,8.331892,3.992205,4.339687
5/2/2017,10.15,2391.050049,3813680000,2362.377,9.211467,5.036057,4.17541
5/3/2017,10.56,2386.5,3893990000,2363.7755,9.553112,5.939468,3.613644
5/4/2017,10.71,2389.790039,4362540000,2365.604,9.822799,6.716134,3.106665
5/5/2017,10.51,2392.370117,3540140000,2367.694,10.701524,7.513212,3.188312
5/8/2017,10.53,2399.939941,3429440000,2369.886,11.275209,8.265612,3.009597
5/9/2017,9.87,2401.580078,3653590000,2371.874,11.399945,8.892478,2.507467
5/10/2017,9.75,2396.790039,3643530000,2374.1665,11.583942,9.430771,2.153171
5/11/2017,10.34,2394.840088,3727420000,2376.642,11.182071,9.781031,1.40104
5/12/2017,10.72,2392.439941,3305630000,2379.7395,10.45739,9.916303,0.541087
5/15/2017,10.54,2393.97998,3473600000,2382.405,10.681445,10.069331,0.612114
5/16/2017,10.46,2404.550049,3420790000,2385.329,10.603637,10.176193,0.427445
5/17/2017,11.89,2382.949951,4163000000,2386.272,6.940584,9.529071,-2.588487
5/18/2017,14.06,2354.689941,4319420000,2386.766,4.684794,8.560216,-3.875421
5/19/2017,14.23,2371.370117,3825160000,2388.418,4.141201,7.676413,-3.535212
5/22/2017,12.29,2387.209961,3172830000,2389.4115,4.648515,7.070833,-2.422318
5/23/2017,11,2397.040039,3213570000,2389.902,5.344005,6.725467,-1.381462
5/24/2017,10.61,2401.409912,3389900000,2390.749,6.304244,6.641223,-0.336979
5/25/2017,9.82,2409.540039,3535390000,2392.064,7.836691,6.880316,0.956374
5/26/2017,9.93,2414.5,2805040000,2393.645,9.007847,7.305823,1.702025
5/30/2017,10.61,2411.669922,3203160000,2394.874,9.59063,7.762784,1.827846
5/31/2017,10.1,2415.629883,4516110000,2395.9055,9.849384,8.180104,1.66928
6/1/2017,10.42,2415.649902,3857140000,2398.002,11.396506,8.823385,2.573122
6/2/2017,10.08,2431.280029,3461680000,2400.4795,13.197511,9.69821,3.499301
6/5/2017,10.08,2437.830078,2912600000,2402.32,14.221232,10.602814,3.618418
6/6/2017,10.19,2431.919922,3357840000,2403.8175,14.321171,11.346486,2.974685
6/7/2017,10.48,2432.030029,3572300000,2405.6285,14.540197,11.985228,2.55497
6/8/2017,10.27,2434.27002,3728860000,2407.3365,14.597951,12.507773,2.090179
6/9/2017,9.93,2436.389893,4027340000,2409.203,14.315702,12.869358,1.446344
6/12/2017,11.19,2425.879883,4027750000,2411.1275,13.741567,13.0438,0.697767
6/13/2017,11.12,2434.149902,3275500000,2413.029,14.009449,13.23693,0.772519
6/14/2017,10.33,2443.75,3555590000,2414.8915,13.86583,13.36271,0.50312
6/15/2017,11.06,2424.139893,3353050000,2418.663,13.159738,13.322116,-0.162378
6/16/2017,10.63,2431.23999,5284720000,2422.0345,12.511605,13.160014,-0.648408
6/19/2017,10.57,2442.550049,3264700000,2425.621,13.481398,13.22429,0.257108
6/20/2017,10.28,2450.659912,3416510000,2427.7715,12.776918,13.134816,-0.357898
6/21/2017,11.03,2439.310059,3594820000,2429.631,11.966092,12.901071,-0.934979
6/22/2017,10.81,2437.399902,3468210000,2431.1365,11.105917,12.54204,-1.436123
6/23/2017,10.25,2434.649902,5278330000,2432.298,10.608562,12.155345,-1.546783
6/26/2017,10.13,2443.320068,3238970000,2433.4605,10.159425,11.756161,-1.596736
6/27/2017,10.04,2436.340088,3563910000,2433.784,8.121048,11.029138,-2.90809
6/28/2017,11.17,2428.699951,3500800000,2435.2285,8.131424,10.449595,-2.318171
6/29/2017,9.79,2442.379883,3900280000,2434.7105,6.372472,9.634171,-3.261698
6/30/2017,11.74,2429.199951,3361590000,2433.9275,5.21771,8.750879,-3.533169
7/3/2017,11.07,2431.389893,1962290000,2433.573,4.700244,7.940752,-3.240508
7/5/2017,11.2,2430.780029,3367220000,2433.7335,4.522853,7.257172,-2.734319
7/6/2017,11.2,2423.439941,3364520000,2432.564,2.514323,6.308602,-3.794279
7/7/2017,12.48,2413.52002,2901330000,2432.1335,2.142919,5.475466,-3.332546
7/10/2017,11.26,2424.51001,2999130000,2431.9165,2.006999,4.781772,-2.774773
7/11/2017,10.79,2427.350098,3106750000,2431.7235,1.726071,4.170632,-2.444561
7/12/2017,10.85,2435.75,3171620000,2431.8685,2.899861,3.916478,-1.016617
7/13/2017,10.07,2444.98999,3067670000,2432.364,4.151806,3.963544,0.188263
7/14/2017,10.09,2449.159912,2736640000,2433.7045,5.997954,4.370426,1.627528
7/17/2017,9.77,2459.5,2793170000,2435.004,7.365643,4.969469,2.396174
7/18/2017,9.86,2455.879883,2962130000,2435.3615,8.47052,5.669679,2.80084
7/19/2017,9.69,2463.850098,3059760000,2437.2015,10.294221,6.594587,3.699633
7/20/2017,9.66,2475.560059,3182780000,2439.0935,11.57542,7.590754,3.984666
7/21/2017,9.52,2467.399902,3059570000,2440.9955,12.374702,8.547544,3.827159
7/24/2017,9.94,2472.040039,3010240000,2442.576,12.650098,9.368054,3.282043
7/25/2017,9.4,2477.879883,4108060000,2444.479,13.297657,10.153975,3.143682
7/26/2017,9.25,2479.969971,3557020000,2447.4015,13.709305,10.865041,2.844264
7/27/2017,9.33,2482.76001,3995520000,2449.138,13.683338,11.4287,2.254638
7/28/2017,10.62,2469.120117,3294770000,2451.758,13.242216,11.791404,1.450812
7/31/2017,10.53,2475.939941,3469210000,2454.1025,12.602108,11.953545,0.648564
8/1/2017,10.19,2477.100098,3460860000,2456.4695,12.439607,12.050757,0.38885
8/2/2017,10.08,2480.379883,3478580000,2458.721,12.267852,12.094176,0.173676
8/3/2017,10.47,2476.030029,3645020000,2461.8415,11.561914,11.987723,-0.42581
8/4/2017,10.48,2476.879883,3235140000,2464.424,11.249604,11.8401,-0.590495
8/7/2017,10.19,2477.139893,2931780000,2467.098,11.202187,11.712517,-0.51033
8/8/2017,10.04,2478.350098,3344640000,2469.5675,10.559541,11.481922,-0.92238
8/9/2017,11.49,2465.350098,3308060000,2471.106,9.863913,11.15832,-1.294407
8/10/2017,11.57,2465.379883,3621070000,2470.625,6.349857,10.196628,-3.84677
8/11/2017,16.17,2441.040039,3159930000,2469.7275,3.772408,8.911784,-5.139376
8/14/2017,14.05,2454.959961,2822550000,2470.0625,3.66606,7.862639,-4.196579
8/15/2017,11.78,2468.659912,2913100000,2470.2625,3.44284,6.978679,-3.535839
8/16/2017,11.59,2468.629883,2953650000,2469.9765,3.507921,6.284528,-2.776606
8/17/2017,11.81,2462.949951,3142620000,2467.8045,0.479618,5.123546,-4.643928
8/18/2017,15.38,2427.639893,3415680000,2465.455,-2.254234,3.64799,-5.902224
8/21/2017,14.59,2425.5,2788150000,2463.378,-4.145494,2.089293,-6.234787
8/22/2017,12.6,2433.75,2777490000,2462.147,-3.65431,0.940572,-4.594882
8/23/2017,11.51,2444.879883,2785290000,2460.4575,-3.903505,-0.028243,-3.875262
8/24/2017,12.06,2447.909912,2846590000,2458.635,-4.458702,-0.914335,-3.544367
8/25/2017,12.2,2444.719971,2588780000,2457.1825,-4.517405,-1.634949,-2.882456
8/28/2017,12.09,2447.350098,2677700000,2455.8795,-4.416988,-2.191357,-2.225631
8/29/2017,13.33,2431.939941,2737580000,2454.377,-4.123647,-2.577815,-1.545832
8/30/2017,11.4,2446.060059,2633660000,2453.378,-2.946201,-2.651492,-0.294709
8/31/2017,11.07,2462.649902,3348110000,2453.3525,-0.868531,-2.2949,1.426369
9/1/2017,10.33,2474.419922,2710730000,2453.3385,1.160054,-1.603909,2.763963
9/5/2017,11.75,2470.350098,3490260000,2452.1855,1.244444,-1.034238,2.278682
9/6/2017,12.27,2463.830078,3374410000,2451.7165,1.909827,-0.445425,2.355252
9/7/2017,11.93,2468.060059,3353930000,2451.2705,2.374274,0.118514,2.25576
9/8/2017,11.87,2462.25,3302490000,2452.4315,2.418336,0.578479,1.839858
9/11/2017,11.38,2474.52002,3291760000,2454.771,4.553618,1.373507,3.180111
9/12/2017,10.66,2491.939941,3230920000,2456.303,6.842358,2.467277,4.375081
9/13/2017,10.72,2493.889893,3368050000,2457.991,8.708325,3.715487,4.992838
9/14/2017,10.57,2494.560059,3414460000,2459.3665,9.851651,4.942719,4.908932
9/15/2017,10.51,2495.669922,4853170000,2462.8775,11.002899,6.154755,4.848144
9/18/2017,10.18,2502.51001,3194300000,2466.7935,12.069855,7.337775,4.73208
9/19/2017,10.16,2506.290039,3249100000,2470.7075,12.990008,8.468222,4.521786
9/20/2017,10.04,2506.840088,3530010000,2473.494,13.689728,9.512523,4.177205
9/21/2017,9.74,2507.159912,2930860000,2476.322,13.472476,10.304514,3.167962
9/22/2017,9.9,2497.26001,2865960000,2479.4845,13.277961,10.899203,2.378758
9/25/2017,10.08,2499.389893,3297890000,2482.165,12.530716,11.225506,1.30521
9/26/2017,10.42,2501.040039,3043110000,2484.795,11.816826,11.34377,0.473056
9/27/2017,9.9,2503.300049,3456030000,2487.832,11.936521,11.46232,0.474201
9/28/2017,9.74,2503.409912,3168620000,2490.4555,12.135182,11.596892,0.538289
9/29/2017,9.59,2509.959961,3211920000,2492.841,12.894416,11.856397,1.038019
10/2/2017,9.59,2521.199951,3199730000,2495.4695,14.120887,12.309295,1.811592
10/3/2017,9.3,2530.340088,3068850000,2499.306,15.356432,12.918722,2.43771
10/4/2017,9.53,2533.47998,3017120000,2502.916,16.401529,13.615284,2.786245
10/5/2017,9.48,2540.860107,3045120000,2507.2645,18.176559,14.527539,3.649021
10/6/2017,9.23,2547.439941,2884570000,2511.6595,19.141537,15.450339,3.691198
10/9/2017,9.92,2551.389893,2483970000,2514.4905,19.312485,16.222768,3.089717
10/10/2017,10.15,2549.98999,2960500000,2517.1985,19.697786,16.917771,2.780014
10/11/2017,9.95,2550.620117,2976090000,2520.042,20.142135,17.562644,2.579491
10/12/2017,9.94,2552.879883,3151510000,2522.8075,19.916914,18.033498,1.883416
10/13/2017,9.95,2555.659912,3149440000,2525.4545,19.692175,18.365234,1.326942
10/16/2017,9.95,2555.570068,2916020000,2528.143,19.648267,18.62184,1.026427
10/17/2017,9.85,2557.169922,2889390000,2530.7785,19.527162,18.802905,0.724257
10/18/2017,10.34,2562.870117,2998090000,2533.4295,19.361314,18.914586,0.446728
10/19/2017,10.22,2553.389893,2990710000,2536.5045,19.077743,18.947218,0.130525
10/20/2017,9.92,2567.560059,3384650000,2540.154,19.683974,19.094569,0.589405
10/23/2017,10.25,2578.080078,3211710000,2543.57,19.118554,19.099366,0.019188
10/24/2017,10.89,2568.659912,3427330000,2547.1845,18.78874,19.037241,-0.248501
10/25/2017,11.34,2566.52002,3874510000,2549.69,17.360553,18.701903,-1.341351
10/26/2017,11.17,2560.080078,3869050000,2552.207,16.30302,18.222127,-1.919106
10/27/2017,11.12,2570.26001,3887110000,2555.2925,16.937569,17.965215,-1.027646
10/30/2017,10.28,2577.75,3658870000,2557.478,16.58438,17.689048,-1.104668
10/31/2017,10.34,2575.98999,3827230000,2559.512,16.312515,17.413742,-1.101226
11/1/2017,9.79,2583.209961,3813180000,2561.593,16.240684,17.17913,-0.938446
11/2/2017,10.44,2579.459961,4048270000,2562.982,16.038415,16.950987,-0.912572
11/3/2017,9.83,2581.929932,3567710000,2564.9075,16.334547,16.827699,-0.493152
11/6/2017,9.63,2587.469971,3539080000,2567.2275,16.642861,16.790731,-0.147871
11/7/2017,9.31,2592.110107,3809650000,2569.2275,16.655666,16.763718,-0.108052
11/8/2017,9.79,2588.709961,3899360000,2571.1845,16.774239,16.765822,0.008417
11/9/2017,9.94,2584,3831610000,2572.869,15.897403,16.592138,-0.694736
11/10/2017,10.78,2580.179932,3486910000,2574.3255,14.844185,16.242548,-1.398363
11/13/2017,11.43,2576.530029,3402930000,2575.6855,14.05247,15.804532,-1.752062
11/14/2017,11.53,2577.75,3641760000,2576.661,12.7958,15.202786,-2.406986
11/15/2017,12.52,2569.449951,3558890000,2576.829,10.528656,14.26796,-3.739304
11/16/2017,12.47,2572.949951,3312710000,2578.006,10.309228,13.476213,-3.166986
11/17/2017,11.75,2582.939941,3300160000,2578.188,9.478175,12.676606,-3.198431
11/20/2017,11.96,2579.48999,3003540000,2579.046,8.981501,11.937585,-2.956083
11/21/2017,10.74,2589.169922,3332720000,2580.541,9.837367,11.517541,-1.680174
11/22/2017,9.6,2600.310059,2762950000,2582.5375,10.240255,11.262084,-1.021829
11/24/2017,9.82,2600.419922,1349780000,2584.6385,10.865193,11.182706,-0.317513
11/27/2017,10.07,2602.659912,3006860000,2585.656,11.151224,11.176409,-0.025185
11/28/2017,9.72,2605.939941,3488420000,2588.3665,13.292004,11.599528,1.692476
11/29/2017,9.91,2627.820068,4078280000,2590.907,14.740399,12.227702,2.512696
11/30/2017,10.49,2633.929932,4938490000,2594.318,17.423096,13.266781,4.156315
12/1/2017,11.19,2645.100098,3942320000,2597.4365,18.898793,14.393184,4.505609
12/4/2017,11.05,2657.189941,4023150000,2600.0165,19.617828,15.438112,4.179716
12/5/2017,11.38,2639.780029,3539040000,2601.9385,19.17026,16.184542,2.985718
12/6/2017,11.63,2626.23999,3229000000,2603.87,18.577204,16.663074,1.91413
12/7/2017,10.9,2628.379883,3292400000,2606,18.515896,17.033639,1.482258
12/8/2017,10,2646.209961,3106150000,2609.344,19.415146,17.50994,1.905206
12/11/2017,9.74,2652.189941,3091950000,2613.2285,20.575697,18.123092,2.452605
12/12/2017,9.36,2661.72998,3555680000,2617.192,21.57914,18.814301,2.764839
12/13/2017,9.78,2667.590088,3542370000,2621.391,22.018885,19.455218,2.563667
12/14/2017,9.98,2665.870117,3430030000,2625.7605,21.247757,19.813726,1.434031
12/15/2017,10.12,2660.629883,5723920000,2630.269,22.300033,20.310987,1.989046
12/18/2017,9.46,2685.919922,3724660000,2635.8345,24.015064,21.051802,2.963261
12/19/2017,9.4,2692.709961,3368590000,2640.801,24.391853,21.719813,2.672041
12/20/2017,9.69,2688.179932,3241030000,2644.812,24.231995,22.222249,2.009746
12/21/2017,9.59,2683.02002,3273390000,2649.1865,24.254989,22.628797,1.626192
12/22/2017,9.37,2684.219971,2399830000,2653.2325,23.898475,22.882733,1.015742
12/26/2017,10.19,2679.090088,1968780000,2657.1865,23.120255,22.930237,0.190018
12/27/2017,10.04,2682.100098,2202080000,2659.9655,22.416176,22.827425,-0.411249
12/28/2017,10.29,2686.100098,2153330000,2663.039,22.001571,22.662254,-0.660683
12/29/2017,10.03,2689.149902,2443490000,2664.3405,20.314783,22.19276,-1.877977
1/2/2018,10.95,2683.72998,3367250000,2667.02,20.532658,21.860739,-1.328082
1/3/2018,9.56,2697.850098,3538660000,2670.701,21.845436,21.857679,-0.012243
1/4/2018,9.01,2719.310059,3695260000,2675.422,23.496923,22.185528,1.311396
1/5/2018,9.1,2731.330078,3236620000,2681.116,26.051486,22.958719,3.092766
1/8/2018,9.61,2742.669922,3242650000,2686.6525,28.119801,23.990936,4.128865
1/9/2018,9.41,2751.149902,3453480000,2691.642,29.705407,25.13383,4.571577
1/10/2018,10.11,2745.550049,3576350000,2696.054,30.365064,26.180077,4.184988
1/11/2018,9.69,2752.969971,3641320000,2701.2265,32.077844,27.35963,4.718214
1/12/2018,9.74,2770.179932,3573970000,2707.396,34.544348,28.796574,5.747774
1/16/2018,10.42,2798.959961,4325970000,2713.6165,35.299765,30.097212,5.202553
1/17/2018,11.35,2784.98999,3778050000,2719.954,37.574581,31.592686,5.981896
1/18/2018,12.01,2802.399902,3681470000,2725.3475,38.567277,32.987604,5.579673
1/19/2018,12.3,2802.600098,3639430000,2731.789,39.88432,34.366947,5.517373
1/22/2018,11.59,2809.159912,3471780000,2739.475,42.270103,35.947578,6.322524
1/23/2018,10.77,2835.050049,3519650000,2747.203,44.148991,37.587861,6.56113
1/24/2018,11,2845.419922,4014070000,2754.913,44.991094,39.068508,5.922587
1/25/2018,11.27,2846.23999,3835150000,2762.8505,45.274553,40.309717,4.964836
1/26/2018,11.4,2847.47998,3443230000,2772.363,47.662624,41.780298,5.882326
1/29/2018,11.71,2867.22998,3573830000,2780.6625,47.447664,42.913772,4.533893
1/30/2018,13.93,2832.73999,3990650000,2788.1035,44.257623,43.182542,1.075081
1/31/2018,14.23,2832.409912,4261280000,2794.5035,41.364027,42.818839,-1.454811
2/1/2018,13.05,2816.449951,3938450000,2799.9495,38.479598,41.950991,-3.471393
2/2/2018,13.64,2808.919922,4301130000,2801.8565,31.006844,39.762161,-8.755317
2/5/2018,18.44,2741.060059,5283460000,2797.146,15.769366,34.963602,-19.194236
2/6/2018,37.32,2614.780029,5891660000,2794.5175,7.336934,29.438269,-22.101335
2/7/2018,31.38,2690.949951,4626570000,2791.036,-0.428612,23.464892,-23.893505
2/8/2018,27.29,2685.01001,5305440000,2782.6745,-14.537703,15.864373,-30.402076
2/9/2018,32.18,2601.780029,5680070000,2775.274,-22.350948,8.221309,-30.572257
2/12/2018,27.25,2636.75,4055790000,2768.762,-25.310032,1.515041,-26.825073
2/13/2018,26.94,2646.27002,3472870000,2763.088,-26.786352,-4.145238,-22.641114
2/14/2018,23.48,2651.209961,4003740000,2757.8915,-24.790689,-8.274328,-16.516361
2/15/2018,18.39,2713.459961,3684910000,2754.55,-20.346444,-10.688751,-9.657693
2/16/2018,18.74,2727.139893,3637460000,2750.646,-16.55125,-11.861251,-4.689999
2/20/2018,20.53,2722.98999,3627610000,2744.8105,-14.662351,-12.421471,-2.24088
2/21/2018,20.76,2720.530029,3779400000,2737.9205,-14.20635,-12.778447,-1.427903
2/22/2018,20.57,2710.419922,3701270000,2731.2415,-13.477387,-12.918235,-0.559153
2/23/2018,17.96,2715.800049,3189190000,2726.644,-9.295353,-12.193658,2.898306
2/26/2018,16.53,2757.370117,3424650000,2721.9805,-3.336262,-10.422179,7.085917
2/27/2018,15.83,2780.449951,3745080000,2716.518,-1.446988,-8.627141,7.180153
2/28/2018,18.08,2753.780029,4230660000,2711.088,-2.379357,-7.377584,4.998227
3/1/2018,19.96,2715.219971,4503970000,2703.781,-5.96729,-7.095525,1.128235
3/2/2018,22.47,2658.889893,3882450000,2697.2445,-7.62704,-7.201828,-0.425212
3/5/2018,21.55,2681.060059,3710810000,2695.185,-6.472063,-7.055875,0.583812
3/6/2018,18.25,2730.179932,3370690000,2699.144,-4.920647,-6.628829,1.708182
3/7/2018,20.11,2710.179932,3393270000,2700.727,-3.754374,-6.053938,2.299565
3/8/2018,17.56,2732.75,3212320000,2703.5925,-1.827016,-5.208554,3.381538
3/9/2018,16.41,2752.909912,3364100000,2713.871,3.500994,-3.466644,6.967638
3/12/2018,15.28,2790.540039,3185020000,2722.0445,7.352273,-1.302861,8.655134
3/13/2018,15.7,2792.310059,3301650000,2727.51,8.873106,0.732333,8.140774
3/14/2018,16.59,2774.060059,3391360000,2731.837,8.700732,2.326013,6.37472
3/15/2018,16.99,2754.27002,3500330000,2734.272,8.295018,3.519814,4.775204
3/16/2018,16.6,2750.570068,5372340000,2735.3125,8.255954,4.467042,3.788912
3/19/2018,16.63,2741.379883,3282130000,2734.3475,5.012972,4.576228,0.436744
3/20/2018,18.38,2715.050049,3261030000,2734.3815,2.735731,4.208128,-1.472398
3/21/2018,17.76,2714.98999,3415510000,2734.9115,0.520733,3.470649,-2.949917
3/22/2018,18.13,2691.360107,3739800000,2731.898,-6.664246,1.44367,-8.107916
3/23/2018,24.02,2646.709961,3815080000,2723.946,-16.639323,-2.172928,-14.466395
3/26/2018,23.41,2619.350098,3511100000,2717.8935,-18.657753,-5.469893,-13.18786
3/27/2018,20.33,2667.570068,3706350000,2711.3105,-23.690452,-9.114005,-14.576447
